date,exit_date,hold_days,regime,entry_val,exit_val,side,pnl_bps,capped
2024-05-03 00:00:00+00:00,2024-05-10 00:00:00+00:00,7,CHEAP,142.5850825011099,120.48747821995053,-1,22.097604281159363,False
2024-05-17 00:00:00+00:00,2024-05-24 00:00:00+00:00,7,CHEAP,121.00627052851642,114.16640300011326,-1,6.839867528403161,False
2024-07-15 00:00:00+00:00,2024-07-22 00:00:00+00:00,7,CHEAP,235.54203269605,222.9063455566882,-1,12.635687139361806,False
2024-08-07 00:00:00+00:00,2024-08-14 00:00:00+00:00,7,CHEAP,86.20235958542999,93.67737403257692,-1,-7.475014447146933,False
2024-08-18 00:00:00+00:00,2024-08-25 00:00:00+00:00,7,CHEAP,78.66072957698256,53.62189243841131,-1,25.038837138571253,False
2024-08-25 00:00:00+00:00,2024-09-01 00:00:00+00:00,7,CHEAP,53.62189243841131,44.64963915338682,-1,8.972253285024486,False
2024-09-02 00:00:00+00:00,2024-09-09 00:00:00+00:00,7,CHEAP,44.96541317259961,44.55358708998381,-1,0.41182608261580356,False
2024-10-05 00:00:00+00:00,2024-10-12 00:00:00+00:00,7,CHEAP,180.01357558716126,171.22008357604022,-1,8.793492011121032,False
2024-11-12 00:00:00+00:00,2024-11-19 00:00:00+00:00,7,RICH,184.6041922429853,173.6486025478734,1,-10.955589695111911,False
2024-12-05 00:00:00+00:00,2024-12-12 00:00:00+00:00,7,RICH,125.33826796492953,72.8328185760696,1,-52.50544938885993,False
2025-01-04 00:00:00+00:00,2025-01-11 00:00:00+00:00,7,CHEAP,312.3459355506397,226.79180436219414,-1,85.55413118844555,False
2025-01-16 00:00:00+00:00,2025-01-23 00:00:00+00:00,7,CHEAP,250.85703650485237,222.1941941440786,-1,28.662842360773766,False
2025-01-27 00:00:00+00:00,2025-02-03 00:00:00+00:00,7,CHEAP,187.52946688583626,139.209052487963,-1,48.320414397873265,False
2025-02-05 00:00:00+00:00,2025-02-12 00:00:00+00:00,7,CHEAP,123.2999009872282,96.99814857033084,-1,26.301752416897358,False
2025-03-01 00:00:00+00:00,2025-03-08 00:00:00+00:00,7,CHEAP,59.71558360472473,27.870376064429436,-1,31.84520754029529,False
2025-04-26 00:00:00+00:00,2025-05-03 00:00:00+00:00,7,CHEAP,104.62518384743547,78.45241239080369,-1,26.17277145663178,False
2025-06-06 00:00:00+00:00,2025-06-13 00:00:00+00:00,7,CHEAP,32.626630851881885,14.420814261986159,-1,18.205816589895726,False
2025-10-12 00:00:00+00:00,2025-10-19 00:00:00+00:00,7,CHEAP,155.39486693868508,116.37758757558458,-1,39.0172793631005,False
2025-10-20 00:00:00+00:00,2025-10-27 00:00:00+00:00,7,CHEAP,111.48738253587753,101.38159157876858,-1,10.105790957108951,False
2025-11-25 00:00:00+00:00,2025-12-02 00:00:00+00:00,7,CHEAP,48.257010378578435,34.92637187654468,-1,13.330638502033757,False
2026-02-02 00:00:00+00:00,2026-02-09 00:00:00+00:00,7,CHEAP,54.185595831877094,46.597870504416775,-1,7.587725327460319,False
2026-02-10 00:00:00+00:00,2026-02-17 00:00:00+00:00,7,CHEAP,37.9476581019178,40.10320721917093,-1,-2.1555491172531305,False
2026-02-27 00:00:00+00:00,2026-03-06 00:00:00+00:00,7,CHEAP,25.45719667051527,18.947461187079906,-1,6.509735483435364,False
2026-03-09 00:00:00+00:00,2026-03-16 00:00:00+00:00,7,CHEAP,16.02477406676739,9.713226020224841,-1,6.311548046542548,False
2026-03-28 00:00:00+00:00,2026-04-04 00:00:00+00:00,7,CHEAP,56.7273889421549,42.499739858183894,-1,14.22764908397101,False
2026-04-11 00:00:00+00:00,2026-04-18 00:00:00+00:00,7,CHEAP,28.323568002586175,31.062550724485494,-1,-2.738982721899319,False
2026-04-18 00:00:00+00:00,2026-04-25 00:00:00+00:00,7,CHEAP,31.062550724485494,10.942836888572227,-1,20.119713835913267,False
2026-05-06 00:00:00+00:00,2026-05-13 00:00:00+00:00,7,CHEAP,21.317088933421324,22.80285994276543,-1,-1.4857710093441057,False
