net_put_flow_btc_z,net_call_flow_btc_z,block_share_z,pc_volume_ratio_z,top_strike_share_z,lag,event_day
,,,,,-2,2023-01-03
,,,,,-1,2023-01-03
,,,,,0,2023-01-03
,,,,,1,2023-01-03
,,,,,2,2023-01-03
,,,,,-2,2023-01-04
,,,,,-1,2023-01-04
,,,,,0,2023-01-04
,,,,,1,2023-01-04
,,,,,2,2023-01-04
,,,,,-2,2023-01-08
,,,,,-1,2023-01-08
,,,,,0,2023-01-08
,,,,,1,2023-01-08
,,,,,2,2023-01-08
,,,,,-2,2023-01-12
,,,,,-1,2023-01-12
,,,,,0,2023-01-12
,,,,,1,2023-01-12
,,,,,2,2023-01-12
,,,,,-2,2023-01-13
,,,,,-1,2023-01-13
,,,,,0,2023-01-13
,,,,,1,2023-01-13
,,,,,2,2023-01-13
,,,,,-2,2023-01-14
,,,,,-1,2023-01-14
,,,,,0,2023-01-14
,,,,,1,2023-01-14
,,,,,2,2023-01-14
,,,,,-2,2023-01-20
,,,,,-1,2023-01-20
-2.7230740070516464,0.8600117291621813,0.0963536590194578,-0.3063180485536578,-0.7513969140095871,0,2023-01-20
0.09441022195271791,0.19876686113375688,-0.27137908714429837,-0.6278775334812173,-0.9739574124064588,1,2023-01-20
0.5760920306446757,-0.283400598582319,-0.9676680052862552,-0.6739711021186351,-0.7886007654064053,2,2023-01-20
-0.3245066465092549,-0.5724809437381976,0.3687784923496789,-0.22294670380868886,-0.5436276865205231,-2,2023-01-30
-0.14333447526819668,-0.13853189863059462,0.96385410970609,-0.5408981970351745,-0.7499859781682328,-1,2023-01-30
3.0956426064211375,-1.9939306829067212,0.49627454562608436,0.6558129777429614,-0.21344630413785554,0,2023-01-30
0.8563127790744939,0.5764671800090716,1.2562372636522983,-0.38062950185293654,-0.24097460210754482,1,2023-01-30
-1.7702607481612809,0.33511039044075686,1.6143740345499298,-0.7224194608323257,-0.7848892008576803,2,2023-01-30
1.0760113355416654,-1.7561139451136047,2.443931160509646,-0.6144345712940663,-0.3572910373974595,-2,2023-02-10
0.42282853640558116,-0.3120550132151268,0.5107289725850029,0.8344960957108369,-0.38785975393715205,-1,2023-02-10
0.7111668203974393,-1.069145550157091,0.17426053758581175,0.10705547996305939,-0.793051322825139,0,2023-02-10
0.4726272784758685,-0.7171952124762592,-1.6263826898804392,0.8207486918818989,1.562455680695504,1,2023-02-10
0.04448247186987026,-0.15635681384392205,-1.251978967558225,0.6685912337424593,0.6671600074551124,2,2023-02-10
2.374516077662409,-0.772927366541075,0.7488375948437589,1.982491296510816,-1.3026525995475355,-2,2023-02-15
-0.7525025380526733,0.2972741297513213,0.17463109652321512,-0.32404982886164113,-0.656762152542276,-1,2023-02-15
-0.649736518316243,1.8765255698345982,-0.5335454537530118,-0.38790579941903774,-0.9871688073808468,0,2023-02-15
0.5669497856961582,1.1330663596025372,0.6097797960007687,-0.7117259123810248,-0.9839477295085138,1,2023-02-15
-1.6513282521313069,1.3450716290321152,-0.36595268635639955,-0.32201925921623276,0.8938332382713767,2,2023-02-15
-1.6513282521313069,1.3450716290321152,-0.36595268635639955,-0.32201925921623276,0.8938332382713767,-2,2023-02-19
-0.38131951874644165,-0.8631099734435556,-1.8387687885553436,0.521357273513326,-0.4648630872681299,-1,2023-02-19
-0.44013702915653075,-1.2203433597896518,-1.2673629550792889,-0.2712176191624811,0.4778425613410663,0,2023-02-19
1.2089048005890117,0.4438128622152965,0.05504745684015416,0.7316494648486177,-0.03538267709494875,1,2023-02-19
1.6015247357687639,0.24124301438152412,0.5704443820674747,-0.22868353215560025,0.5937331718860738,2,2023-02-19
0.24311389906073116,-0.6655672591492198,-1.6682320649335587,1.3533703202970249,-0.28353537642810533,-2,2023-02-27
-0.4121578267892056,-0.2536356961557727,4.916977276790577,0.2683615404019429,-0.1466097572215005,-1,2023-02-27
-0.48741933510567087,-0.11791799352088198,0.1158812443131841,-0.32406926529735386,-0.989462254225443,0,2023-02-27
1.1867392698044674,-0.18136293826927596,0.8070601355602759,-0.2215738445079389,-1.2929571685080163,1,2023-02-27
-0.09757642053014819,-0.9261195908646744,-0.16416649037273687,0.3504634229130803,-0.8829286090489481,2,2023-02-27
-0.1225384658221555,-0.3590151867699857,0.04212714337186125,1.2559610701865942,0.15228316824171298,-2,2023-03-08
2.1652873340583962,-0.5967668421077571,-0.10253769696835706,0.9377953485532325,-0.28537744333608756,-1,2023-03-08
2.327207999477542,-1.3965346289185996,1.140381716697261,1.8595295405069785,-0.4462748936588686,0,2023-03-08
0.7600534980779747,-1.7267978813045999,0.29713308814252154,3.7773920015341007,0.21753991427776015,1,2023-03-08
1.0167221877034294,-1.6011724868624353,-0.008545089660132314,3.2460916158625417,-0.5747703088125613,2,2023-03-08
2.1652873340583962,-0.5967668421077571,-0.10253769696835706,0.9377953485532325,-0.28537744333608756,-2,2023-03-09
2.327207999477542,-1.3965346289185996,1.140381716697261,1.8595295405069785,-0.4462748936588686,-1,2023-03-09
0.7600534980779747,-1.7267978813045999,0.29713308814252154,3.7773920015341007,0.21753991427776015,0,2023-03-09
1.0167221877034294,-1.6011724868624353,-0.008545089660132314,3.2460916158625417,-0.5747703088125613,1,2023-03-09
1.978208270862889,1.1862514520212493,-0.8543966047827577,2.855793480954507,-1.453337438734801,2,2023-03-09
2.327207999477542,-1.3965346289185996,1.140381716697261,1.8595295405069785,-0.4462748936588686,-2,2023-03-10
0.7600534980779747,-1.7267978813045999,0.29713308814252154,3.7773920015341007,0.21753991427776015,-1,2023-03-10
1.0167221877034294,-1.6011724868624353,-0.008545089660132314,3.2460916158625417,-0.5747703088125613,0,2023-03-10
1.978208270862889,1.1862514520212493,-0.8543966047827577,2.855793480954507,-1.453337438734801,1,2023-03-10
-0.5911001000143029,1.168335986417594,-1.169923411582148,0.8697484038924458,-1.2401032093360305,2,2023-03-10
0.7600534980779747,-1.7267978813045999,0.29713308814252154,3.7773920015341007,0.21753991427776015,-2,2023-03-11
1.0167221877034294,-1.6011724868624353,-0.008545089660132314,3.2460916158625417,-0.5747703088125613,-1,2023-03-11
1.978208270862889,1.1862514520212493,-0.8543966047827577,2.855793480954507,-1.453337438734801,0,2023-03-11
-0.5911001000143029,1.168335986417594,-1.169923411582148,0.8697484038924458,-1.2401032093360305,1,2023-03-11
1.1950929033160453,0.6995199496660106,0.04852314804675485,-0.7291704362258521,-1.1352526466377204,2,2023-03-11
1.0167221877034294,-1.6011724868624353,-0.008545089660132314,3.2460916158625417,-0.5747703088125613,-2,2023-03-12
1.978208270862889,1.1862514520212493,-0.8543966047827577,2.855793480954507,-1.453337438734801,-1,2023-03-12
-0.5911001000143029,1.168335986417594,-1.169923411582148,0.8697484038924458,-1.2401032093360305,0,2023-03-12
1.1950929033160453,0.6995199496660106,0.04852314804675485,-0.7291704362258521,-1.1352526466377204,1,2023-03-12
1.0830131268795737,-1.1715690230626987,-0.024032637530513875,-0.3890769729971462,-1.2694202432644868,2,2023-03-12
-0.5911001000143029,1.168335986417594,-1.169923411582148,0.8697484038924458,-1.2401032093360305,-2,2023-03-14
1.1950929033160453,0.6995199496660106,0.04852314804675485,-0.7291704362258521,-1.1352526466377204,-1,2023-03-14
1.0830131268795737,-1.1715690230626987,-0.024032637530513875,-0.3890769729971462,-1.2694202432644868,0,2023-03-14
-1.8874855234379113,0.45956349517363526,0.3963582789177074,-0.04738944354925993,-1.678945659024293,1,2023-03-14
0.24630020466568692,0.19203682797535093,0.39242659411683184,-0.47050288711387345,-0.9970071593271537,2,2023-03-14
-1.8874855234379113,0.45956349517363526,0.3963582789177074,-0.04738944354925993,-1.678945659024293,-2,2023-03-17
0.24630020466568692,0.19203682797535093,0.39242659411683184,-0.47050288711387345,-0.9970071593271537,-1,2023-03-17
0.3920303603132694,4.266972221131506,-0.4919176527178644,-1.0454714083957495,-0.9518345652028978,0,2023-03-17
-0.2831740588447845,-0.1156821044416347,-1.4214333849889036,-1.0580088225929376,-1.5279405955040255,1,2023-03-17
0.3685573798259167,0.45758531469717834,-0.823493405918473,-0.8008106644072093,0.13605745076126513,2,2023-03-17
0.18914885013453536,-0.5842430087956795,-0.16282940603354876,-0.24720034794782178,-0.9295074548534497,-2,2023-03-23
-1.0911369482304834,0.3470076664426757,0.060567505766063255,0.018253554984884672,-0.758451843888502,-1,2023-03-23
-0.9424403166401659,-0.4323973393991139,-0.23090679698677438,-0.34363581592116416,-1.635287859656475,0,2023-03-23
1.1918796102154292,-0.41751079869036345,0.14783613272137033,0.8065056060527807,-1.0885132430186795,1,2023-03-23
-0.12278187687902843,-0.07284463803760531,-1.406561635920167,-1.2916369168527726,1.907729909290309,2,2023-03-23
-1.0911369482304834,0.3470076664426757,0.060567505766063255,0.018253554984884672,-0.758451843888502,-2,2023-03-24
-0.9424403166401659,-0.4323973393991139,-0.23090679698677438,-0.34363581592116416,-1.635287859656475,-1,2023-03-24
1.1918796102154292,-0.41751079869036345,0.14783613272137033,0.8065056060527807,-1.0885132430186795,0,2023-03-24
-0.12278187687902843,-0.07284463803760531,-1.406561635920167,-1.2916369168527726,1.907729909290309,1,2023-03-24
-1.1478838330875882,-0.05424708822963338,-1.0289450340387754,-0.2260978063234748,-1.1913123665945855,2,2023-03-24
-0.3109969322625329,-0.14265090699970262,-0.9609383916084334,-0.9380368353854603,0.6659331676343192,-2,2023-04-03
-0.20502063358999217,-0.2929807615118229,-1.3992291536586539,0.5822644816497617,0.33719611484517775,-1,2023-04-03
1.0977314343415296,0.1256641185853778,0.399976127169095,1.6958071027830346,-1.3517893852312293,0,2023-04-03
-1.22296416770109,-0.3929117968261137,-0.21852407198980697,-0.5924492713415243,-0.832867321266122,1,2023-04-03
-0.9840696235217217,-0.09262443841766548,-0.45020326127074345,1.7211669357690582,-0.4391661325415689,2,2023-04-03
0.04970865526876478,0.1328102399330626,-1.2293979396622734,-1.0525821543712803,3.267034088411435,-2,2023-04-10
-0.49975363124418654,0.349376026328866,-1.1107363405325792,-0.4614801246692303,-0.2777449322761466,-1,2023-04-10
-1.6853847767915267,0.8031605660372378,2.3106876252758086,-0.9995557134616331,-0.5861442739582046,0,2023-04-10
-0.00734239652722193,-0.42691710589668563,1.6192803655090993,-0.7551870330880136,0.05522679090091629,1,2023-04-10
-1.6828891839924598,-0.9220646219486185,0.7140600036682857,-0.592363696826477,2.9418259527926884,2,2023-04-10
-1.6828891839924598,-0.9220646219486185,0.7140600036682857,-0.592363696826477,2.9418259527926884,-2,2023-04-14
-0.3205672714374804,-0.058995734203599166,0.7445992547495953,-1.159189574632442,-0.02813954229724342,-1,2023-04-14
0.0903405076981635,-0.06534953365678124,0.6962976118452101,-0.4210844392632748,-0.6815202304755913,0,2023-04-14
-0.25049393727116886,-0.16634280778811722,-0.1558486396342152,0.2794425122923236,0.6374952607447636,1,2023-04-14
-0.3237550685849391,-0.03935145056169969,-0.676691050371263,-0.056203557153670106,-0.4831762181615468,2,2023-04-14
0.05559818294519312,-0.28017984025429926,0.8794299861642684,-0.2584877104715531,1.3551086351101955,-2,2023-04-19
-1.1460855959690728,1.150650444973721,1.121541637399334,-0.8364468975754501,0.46902335425059294,-1,2023-04-19
1.0842815155910697,-0.47373299027021964,0.13417107937142997,0.33850209919961677,1.0312681283036982,0,2023-04-19
0.5253487815811391,-1.186601537416239,0.029994693049255124,0.35964774326084537,-0.6879466783644512,1,2023-04-19
0.38573047687697143,0.011033608855400941,0.12474191251696827,0.4809488262376435,1.5133954422121412,2,2023-04-19
1.0842815155910697,-0.47373299027021964,0.13417107937142997,0.33850209919961677,1.0312681283036982,-2,2023-04-21
0.5253487815811391,-1.186601537416239,0.029994693049255124,0.35964774326084537,-0.6879466783644512,-1,2023-04-21
0.38573047687697143,0.011033608855400941,0.12474191251696827,0.4809488262376435,1.5133954422121412,0,2023-04-21
0.017164484856089526,0.10347477495614163,-1.2938194304490247,-0.09951725256112591,-0.13983281534667835,1,2023-04-21
-0.1148514856476572,-0.2472217436312906,-1.337754646496526,-0.46938623333851565,-1.1387020727425279,2,2023-04-21
-0.16861470963389763,-0.22934155332603312,1.1373231519012832,0.7324944062340616,-0.138011900427787,-2,2023-04-26
-0.41799683989674713,0.652324149199203,1.2794812560943838,1.1864821649295305,0.23194427536411927,-1,2023-04-26
0.2651800220727014,-0.09870219488689158,-0.24318324950749748,0.06752092352947824,0.1492876118265405,0,2023-04-26
-1.4475221996805976,0.31592951428617744,-0.6882148509015085,-0.29984246766012934,0.2621841361572191,1,2023-04-26
-2.6298864648115923,-1.1443487767918898,0.5155092730837499,-0.12081967846963242,0.04959202143652302,2,2023-04-26
-0.41799683989674713,0.652324149199203,1.2794812560943838,1.1864821649295305,0.23194427536411927,-2,2023-04-27
0.2651800220727014,-0.09870219488689158,-0.24318324950749748,0.06752092352947824,0.1492876118265405,-1,2023-04-27
-1.4475221996805976,0.31592951428617744,-0.6882148509015085,-0.29984246766012934,0.2621841361572191,0,2023-04-27
-2.6298864648115923,-1.1443487767918898,0.5155092730837499,-0.12081967846963242,0.04959202143652302,1,2023-04-27
0.1042982005655575,-0.013353357037165286,-1.536209077591695,-0.27298942952155003,0.034322107127207686,2,2023-04-27
-0.3126097292267567,-0.19921261817124394,-0.5085759328017242,1.2044461859751228,0.7928084036360739,-2,2023-05-12
0.11163857828930904,0.19778689565506735,0.6875114124750888,-0.012339904749177098,-0.7397349358902495,-1,2023-05-12
2.5372641498102992,-0.6473671178200574,-0.10604522947343002,1.1811174881535516,-1.0859922534801676,0,2023-05-12
-0.1034143834046235,-0.47951668155929006,-1.2561607564025583,-0.141251616946797,2.1987501123236863,1,2023-05-12
0.0456334588955838,-0.3634821220531718,-0.9906740720222056,1.6887863100084433,0.5311037381869328,2,2023-05-12
-0.1625236667382538,2.0989513556774737,1.083875300814603,-0.6718436870792438,2.6235668074851954,-2,2023-05-17
0.29017484635426855,-0.28391730093891404,0.2895976869584858,-0.010540968387278696,-0.10190268117523035,-1,2023-05-17
-0.42819407397648185,-0.501421051790907,0.7860784653056776,2.915997571761905,-0.1155874881496466,0,2023-05-17
0.15606317272322587,-1.9045398983399198,0.6493415821535086,-1.2176771995159168,0.9789921274690243,1,2023-05-17
0.18235897438459875,1.1484557248432723,0.9170011923895481,0.38790420491327887,0.6978737944591913,2,2023-05-17
0.29017484635426855,-0.28391730093891404,0.2895976869584858,-0.010540968387278696,-0.10190268117523035,-2,2023-05-18
-0.42819407397648185,-0.501421051790907,0.7860784653056776,2.915997571761905,-0.1155874881496466,-1,2023-05-18
0.15606317272322587,-1.9045398983399198,0.6493415821535086,-1.2176771995159168,0.9789921274690243,0,2023-05-18
0.18235897438459875,1.1484557248432723,0.9170011923895481,0.38790420491327887,0.6978737944591913,1,2023-05-18
-0.19689839033641743,-0.07533718343375415,-1.0112889626015655,-1.2712920543048039,-0.22277500173549555,2,2023-05-18
0.40899736719701935,-0.8670045229106589,0.19078652486744924,0.14918985626795606,-0.5093365310202184,-2,2023-05-26
-1.159953385270137,0.5627021678861754,0.41432902264628063,0.40016592790838157,-0.7387781032006825,-1,2023-05-26
-0.48205657631796023,-1.0855723443027017,-0.7578666873184721,0.7530026536761726,-1.0221533393335118,0,2023-05-26
-0.11265223759991702,-0.3119284629862458,-1.4320437251089848,-0.7565721166627056,-0.03816098882426274,1,2023-05-26
1.4681137623810305,-0.7985673974045795,-1.0229024538471148,-1.1622823402728748,-0.01601526999418305,2,2023-05-26
-0.48205657631796023,-1.0855723443027017,-0.7578666873184721,0.7530026536761726,-1.0221533393335118,-2,2023-05-28
-0.11265223759991702,-0.3119284629862458,-1.4320437251089848,-0.7565721166627056,-0.03816098882426274,-1,2023-05-28
1.4681137623810305,-0.7985673974045795,-1.0229024538471148,-1.1622823402728748,-0.01601526999418305,0,2023-05-28
-1.5992911251950648,-0.9849708739769965,-0.13942128117123298,0.14124267487716993,-0.755434601114348,1,2023-05-28
-0.6237529329057553,-0.050695830571650974,0.026692609185430035,-0.024290199724458714,2.576151709596102,2,2023-05-28
-1.5992911251950648,-0.9849708739769965,-0.13942128117123298,0.14124267487716993,-0.755434601114348,-2,2023-05-31
-0.6237529329057553,-0.050695830571650974,0.026692609185430035,-0.024290199724458714,2.576151709596102,-1,2023-05-31
1.1858146629252555,-1.2480886021166009,-0.09404472315813947,6.562497021040152,-0.46012623209380316,0,2023-05-31
-0.5784334418338367,-0.5146480000858135,-0.6722506064773457,-0.49477344153074154,0.06360264744267342,1,2023-05-31
-1.2571932291729786,1.4430492763020657,-0.22340469253763087,-0.7008659964634452,0.3352322951228831,2,2023-05-31
-1.52045186846494,-1.8263486080488185,-0.4700213089147173,0.7154877634703958,-0.6621371939605198,-2,2023-06-16
3.028549295503405,-0.8695060094177547,0.32546106292687255,0.42574620002422997,0.12549221184583842,-1,2023-06-16
-0.36783208211922563,3.155562301390995,-0.2545669997194458,-0.22106710251446235,-0.8894814429985216,0,2023-06-16
0.16352986962666033,-0.4438152463382389,-1.211954069003994,-0.5941468347605087,0.9682123157860151,1,2023-06-16
-0.051261924974628593,0.27700554419391726,-0.9397218830606123,-0.8045925496073115,1.7939342105901097,2,2023-06-16
3.028549295503405,-0.8695060094177547,0.32546106292687255,0.42574620002422997,0.12549221184583842,-2,2023-06-17
-0.36783208211922563,3.155562301390995,-0.2545669997194458,-0.22106710251446235,-0.8894814429985216,-1,2023-06-17
0.16352986962666033,-0.4438152463382389,-1.211954069003994,-0.5941468347605087,0.9682123157860151,0,2023-06-17
-0.051261924974628593,0.27700554419391726,-0.9397218830606123,-0.8045925496073115,1.7939342105901097,1,2023-06-17
0.23505916909508967,-0.33785789609866057,2.3468697239070755,0.5524180308782611,0.5467841540660515,2,2023-06-17
-3.9392498354123417,-1.8179181329646126,0.8068077551092726,-0.3302982676312781,0.860848245847748,-2,2023-06-28
-1.563238127270345,0.1395749755099452,0.9017174555668154,-0.882422101246988,0.16186275608903514,-1,2023-06-28
0.4692473818024962,-0.7122415315705416,-0.18612235792468526,-0.5550141946635221,-0.21657001329051526,0,2023-06-28
-0.8722662194971613,0.08801339308735125,2.134939979811839,-0.7291653225808178,-0.8839339862002078,1,2023-06-28
-0.5888662840349135,3.782433148340572,0.3163681609794867,-0.6080867445519753,-0.1324314441742749,2,2023-06-28
0.4692473818024962,-0.7122415315705416,-0.18612235792468526,-0.5550141946635221,-0.21657001329051526,-2,2023-06-30
-0.8722662194971613,0.08801339308735125,2.134939979811839,-0.7291653225808178,-0.8839339862002078,-1,2023-06-30
-0.5888662840349135,3.782433148340572,0.3163681609794867,-0.6080867445519753,-0.1324314441742749,0,2023-06-30
-0.40266417263833765,-0.16686497250574722,-1.4060571626443457,-0.3245817662885287,-0.5457624047215286,1,2023-06-30
0.2578293699283861,-0.2935759852027113,-0.5204206685203978,-0.3091274695903305,1.0806992004062324,2,2023-06-30
-0.17813405340295932,-0.4963236005590477,-0.7183406039523731,-0.7696564880979485,0.061602997080431036,-2,2023-07-10
-0.07371136319058565,-0.5021991287405887,-1.6740067608077813,-0.5826426424114024,-0.06032861593820384,-1,2023-07-10
-0.5948508555033215,0.32349650245082134,0.9456632767957743,-0.597861838652114,-0.22889066946816022,0,2023-07-10
-0.40740133475934304,0.7255122673843594,0.5484865371869144,-0.5132253124820962,-0.655225454297767,1,2023-07-10
0.5874081115000721,0.03275462758525286,0.7187292790974927,-0.40918240259462046,0.09680927316229841,2,2023-07-10
-0.46044560793751094,0.9661368871751216,0.5028029118811501,-0.4198838891674752,-1.2125991339427604,-2,2023-07-28
0.7947815910852571,-0.3856689618359116,0.6363037052123529,-0.03446687455988878,-1.6618615670483807,-1,2023-07-28
-0.3347905737117102,0.08092693238470755,0.4276194417245544,-0.4178447810712451,1.348659266626298,0,2023-07-28
-0.23936628710262914,-0.3054893845704532,-1.3823121552719075,-0.3233512518541756,-1.5623488328173885,1,2023-07-28
0.7351372038868097,-0.31844132412716003,-0.8510845284604132,-0.9201518917824141,-0.27142498199013726,2,2023-07-28
-0.0526277102363668,-0.2784952887330116,0.6324983390995744,-0.19448848227873491,1.0583856692053684,-2,2023-08-17
0.03329159661909559,0.5152994281044627,1.1954025098758974,3.4727598642400532,-0.5335160334943091,-1,2023-08-17
2.472689918773392,0.7607566713117236,-0.0827451797514265,3.2776671550124186,-1.1696007590945796,0,2023-08-17
2.3303162257448276,-2.081176612054846,0.690667280303286,4.531157875171543,-1.4414684286696922,1,2023-08-17
1.5528235683752314,-0.2963113014276204,-1.4627387062409694,6.169396160683178,-0.06984815899247845,2,2023-08-17
0.03329159661909559,0.5152994281044627,1.1954025098758974,3.4727598642400532,-0.5335160334943091,-2,2023-08-18
2.472689918773392,0.7607566713117236,-0.0827451797514265,3.2776671550124186,-1.1696007590945796,-1,2023-08-18
2.3303162257448276,-2.081176612054846,0.690667280303286,4.531157875171543,-1.4414684286696922,0,2023-08-18
1.5528235683752314,-0.2963113014276204,-1.4627387062409694,6.169396160683178,-0.06984815899247845,1,2023-08-18
0.1681475854893424,-0.36230313587204904,-1.7613421718227789,1.6439847658812945,0.330363525150096,2,2023-08-18
0.1681475854893424,-0.36230313587204904,-1.7613421718227789,1.6439847658812945,0.330363525150096,-2,2023-08-22
-0.24466781743458982,0.43418708822059243,0.7506159508570115,2.422489992890276,-0.6983730912464196,-1,2023-08-22
0.025969378523593205,-0.2452668295757783,0.960024336805019,0.6165085273820219,-1.1362795127467396,0,2023-08-22
-1.7351933208270394,1.2741858550708642,0.14230392227856692,-0.2463807194659982,0.12736724206864328,1,2023-08-22
0.04913908610160717,0.02176884416284559,-0.023546916608101168,0.48440929810303907,-0.9259505012014724,2,2023-08-22
-0.5395888511621042,1.3994923009018019,1.0946688798549298,-0.13657859556211693,-0.6087725838814924,-2,2023-08-31
1.9457948767413171,-1.66566443755875,0.8501750321365047,1.1917667579414655,-0.516193819371012,-1,2023-08-31
0.22666649752866663,-0.9999274632008204,0.01568199603585494,1.4747009677449057,-0.9844650818617127,0,2023-08-31
0.2015020698627617,-0.939194674420848,0.0687601929244347,0.19832245155184408,0.1956644550057477,1,2023-08-31
-0.03921737489833532,-0.17355241742909308,-0.8789857855473272,1.4829286426735995,3.421578218930735,2,2023-08-31
0.49574331398871063,-0.44999548414957874,0.372718255063949,1.9969134135160227,0.16441012293675025,-2,2023-09-08
-0.6061900951588098,2.4407817193031116,1.2447148923113056,-0.022064543761511256,-1.0331255846947613,-1,2023-09-08
0.6058872061488013,0.40668598826925084,-0.3060993637400253,1.677042557595554,-1.2427220919109594,0,2023-09-08
-0.14227409960517703,-0.4948575505151514,-1.4714924673968208,0.13407392209797464,0.07484764280183764,1,2023-09-08
-0.21401965134391449,-0.8533883084853423,-1.5025600431362172,1.006374210103915,0.9899759865610808,2,2023-09-08
-0.06548945866749073,-2.4851766813715575,0.7170376430562518,-0.31757489150428414,-0.9620626273351809,-2,2023-10-01
-0.14528107110262278,-0.1582127364000789,-0.14695411719242593,-0.948940221541908,1.5908070073930352,-1,2023-10-01
-0.5232306856934384,0.7678089253406627,-1.2821976315995007,-1.0947961891706846,0.3160578660107201,0,2023-10-01
-0.6168536918445052,2.1730555859791894,0.9425322636277954,-0.8944922162827212,0.03094623741778131,1,2023-10-01
2.3908029438366736,-0.9736582211188148,2.261802252321795,0.38639025938673877,-0.7157950717096113,2,2023-10-01
0.6542609427965913,-0.22422516838110834,0.4670335314386685,-0.4564622017347068,0.6722147778893641,-2,2023-10-11
1.301869053625266,-0.09624387171190735,0.5741566510774959,0.2571226564187686,-1.0092465603732719,-1,2023-10-11
1.4839320280084978,-0.49375361959745306,-0.4167587292738658,-1.1130856097649198,1.3621330660760325,0,2023-10-11
0.013614792695980597,-0.9124363714955611,-0.10077677367660427,-0.6298552533983224,-0.8937676144810458,1,2023-10-11
-0.26156320942139827,0.39751832045458435,-0.4385129353662166,-1.0187484843091519,0.8668512598058038,2,2023-10-11
-0.26156320942139827,0.39751832045458435,-0.4385129353662166,-1.0187484843091519,0.8668512598058038,-2,2023-10-15
-0.49476199532244,-0.4210952485994318,-1.1464548510468,0.34167619516101627,2.2304205698445827,-1,2023-10-15
-0.9608846246936606,0.10576443874950758,-0.7081326038864387,-0.15365754139200927,0.05003694767019326,0,2023-10-15
-2.120855829247797,0.36685292402379555,0.42540717968460384,-1.0308767551617268,-0.025327671947627545,1,2023-10-15
-0.23430462435030833,0.8214568883699316,1.7782760743211006,0.034838847646298146,-1.0341664414948417,2,2023-10-15
-0.49476199532244,-0.4210952485994318,-1.1464548510468,0.34167619516101627,2.2304205698445827,-2,2023-10-16
-0.9608846246936606,0.10576443874950758,-0.7081326038864387,-0.15365754139200927,0.05003694767019326,-1,2023-10-16
-2.120855829247797,0.36685292402379555,0.42540717968460384,-1.0308767551617268,-0.025327671947627545,0,2023-10-16
-0.23430462435030833,0.8214568883699316,1.7782760743211006,0.034838847646298146,-1.0341664414948417,1,2023-10-16
-0.8208985429473515,0.5876702790116403,0.8403231751249896,-1.1918218458775272,0.8358906355236871,2,2023-10-16
-0.07198413722137138,0.761362890768337,-0.23668057241756899,-1.0557244107843728,-0.5618190276993978,-2,2023-10-23
-0.9322728943631242,-0.08972360867535753,-0.21959388014783865,-0.5099339318324398,0.3396923076096167,-1,2023-10-23
-3.280033504289234,-3.147566301686945,1.4666624990135335,-1.265204805654926,-0.6019027758332732,0,2023-10-23
-0.49036879372791875,1.306980016522976,1.2151845323251482,-1.315512255867797,-0.4055445273391199,1,2023-10-23
-2.1320975273883715,2.285922416358116,1.2157021678983864,-0.980336737500161,-0.9475137649258744,2,2023-10-23
0.4395151580178745,0.009927305845571631,0.9619878690258938,-0.7357472887870777,-0.5776156477412029,-2,2023-11-01
-0.4622009693667334,-0.3618108231322304,0.8287698555923431,-0.8034134857083965,-0.19939222803921827,-1,2023-11-01
-0.41077017681856837,1.1510593917932959,0.12409872842195185,-0.4025788084528177,-1.282349654653009,0,2023-11-01
-0.17118616484912566,0.44780252108267227,0.30804943599982243,-0.3347731510823313,-1.3881964020692605,1,2023-11-01
0.21621313667169725,0.7963490955619402,-0.2561278731255508,-0.5998639317557893,-1.369652972809588,2,2023-11-01
0.0741618174959047,-0.14322213420804375,-0.8133182598647494,-0.42139787355398484,-0.7873681496376161,-2,2023-11-07
-0.331870075251199,-1.1933237037519926,0.5640964050901458,-0.8357838633087845,-1.0976498580377156,-1,2023-11-07
-0.5577274215212397,-0.1737952698780638,0.9941989340528995,-0.006428914868317951,-0.9636776897952164,0,2023-11-07
0.6731386658125196,0.07434741903386094,1.2161364080345063,-0.5446301008019093,-0.6222384233499604,1,2023-11-07
1.1795857614977812,-1.1547801196435816,0.5898524442074313,-0.5558673033356335,-0.7673214208415778,2,2023-11-07
-0.5577274215212397,-0.1737952698780638,0.9941989340528995,-0.006428914868317951,-0.9636776897952164,-2,2023-11-09
0.6731386658125196,0.07434741903386094,1.2161364080345063,-0.5446301008019093,-0.6222384233499604,-1,2023-11-09
1.1795857614977812,-1.1547801196435816,0.5898524442074313,-0.5558673033356335,-0.7673214208415778,0,2023-11-09
-0.542037167988947,-0.6547598721318482,-0.366067582784502,-0.8950352696655665,-0.10747209945073032,1,2023-11-09
0.2021349149152759,-0.7742747349311648,-1.0249157250356764,-0.6192693163335906,0.5871567412832741,2,2023-11-09
0.3608412499497929,-0.4481499407671887,-1.7343468426249384,1.1626910467982208,-0.8039899982388133,-2,2023-12-11
0.04127487834777977,-0.38013395376097164,-1.4335445375001452,-0.8970849049014108,-0.991395236535485,-1,2023-12-11
2.7712306135282803,-1.4484207745359414,-0.08211275445923277,3.011479285309904,1.3416472425959332,0,2023-12-11
-0.046959813319514356,-0.5311185732636922,-0.3049602186435994,1.0869184798766074,-0.06007219232628097,1,2023-12-11
0.5507392789160566,0.23389729239938378,-0.4919847606095853,0.05347646389466185,0.17190108457792522,2,2023-12-11
-1.7358478847588825,-1.0652845609411885,-0.4800724213424719,1.3071172985021986,0.1569182431786924,-2,2023-12-24
0.13870064660359505,-0.3407287851023747,-1.5989209217928961,0.9153412781772873,-1.2590720181498403,-1,2023-12-24
0.20022959081823088,-0.43454924747113743,-1.678408219657044,-0.33599841369690175,-0.03185663989071193,0,2023-12-24
0.10866512173013411,-0.26386222127561615,-1.1985631826735286,-0.06022598766905854,-0.18038714477473547,1,2023-12-24
0.9005696014114333,-0.06753130744800613,-0.805831787005576,0.08822138788752548,1.255486559643439,2,2023-12-24
0.20022959081823088,-0.43454924747113743,-1.678408219657044,-0.33599841369690175,-0.03185663989071193,-2,2023-12-26
0.10866512173013411,-0.26386222127561615,-1.1985631826735286,-0.06022598766905854,-0.18038714477473547,-1,2023-12-26
0.9005696014114333,-0.06753130744800613,-0.805831787005576,0.08822138788752548,1.255486559643439,0,2023-12-26
0.6702237752657352,1.0451048582575704,0.3812620627825528,-1.0494986588418582,0.5481238959454695,1,2023-12-26
0.7160599871329076,0.11211639662763818,-0.5866689214538673,-0.26929645893515614,0.6258870599579506,2,2023-12-26
-0.5682325544760644,1.5935544394925174,-1.2598052008316936,-1.7630777286049997,0.07531895880067285,-2,2024-01-03
-1.3546016678325266,0.9764854842136381,0.2260156020174132,-0.28241747495254965,0.0658043519835709,-1,2024-01-03
1.5068960860929055,-0.4269984214797976,-0.4407446349160736,1.1742894674734445,-1.9552173676656561,0,2024-01-03
-0.5438611568463901,0.3148190295894631,0.09435907189947995,-0.4829451961233851,0.5265692751900284,1,2024-01-03
1.0357197767042527,-0.5827254605395614,0.5968326971094937,0.580675758540851,-1.1251467788968332,2,2024-01-03
1.5068960860929055,-0.4269984214797976,-0.4407446349160736,1.1742894674734445,-1.9552173676656561,-2,2024-01-05
-0.5438611568463901,0.3148190295894631,0.09435907189947995,-0.4829451961233851,0.5265692751900284,-1,2024-01-05
1.0357197767042527,-0.5827254605395614,0.5968326971094937,0.580675758540851,-1.1251467788968332,0,2024-01-05
0.12319473276905828,0.3598199475037393,-1.3395007852829157,0.5042852823532542,-0.08864958978413955,1,2024-01-05
-0.13354108677497745,-0.32004175763182535,-1.0245672011718379,-0.30527677581788765,-1.4245153343235137,2,2024-01-05
-0.13354108677497745,-0.32004175763182535,-1.0245672011718379,-0.30527677581788765,-1.4245153343235137,-2,2024-01-09
0.17688156469159913,-1.121090505466076,0.9035046731026058,0.13202166317719435,-1.2039661259907923,-1,2024-01-09
0.9556323935203345,-2.9619988146871776,0.32363597143589806,-0.9746700958873041,-0.6595728343803199,0,2024-01-09
0.892002931616553,-1.0469065707994991,-0.10168896440068788,0.26216123009340536,-0.9453601118503879,1,2024-01-09
1.450937233455748,1.6160167769731855,0.8108647567431619,-0.6066509057739875,1.2004315301862154,2,2024-01-09
0.17688156469159913,-1.121090505466076,0.9035046731026058,0.13202166317719435,-1.2039661259907923,-2,2024-01-10
0.9556323935203345,-2.9619988146871776,0.32363597143589806,-0.9746700958873041,-0.6595728343803199,-1,2024-01-10
0.892002931616553,-1.0469065707994991,-0.10168896440068788,0.26216123009340536,-0.9453601118503879,0,2024-01-10
1.450937233455748,1.6160167769731855,0.8108647567431619,-0.6066509057739875,1.2004315301862154,1,2024-01-10
0.8580832337956809,-0.844019319388802,-0.10668674789713377,0.4716767314856202,-1.289716922411201,2,2024-01-10
0.9556323935203345,-2.9619988146871776,0.32363597143589806,-0.9746700958873041,-0.6595728343803199,-2,2024-01-11
0.892002931616553,-1.0469065707994991,-0.10168896440068788,0.26216123009340536,-0.9453601118503879,-1,2024-01-11
1.450937233455748,1.6160167769731855,0.8108647567431619,-0.6066509057739875,1.2004315301862154,0,2024-01-11
0.8580832337956809,-0.844019319388802,-0.10668674789713377,0.4716767314856202,-1.289716922411201,1,2024-01-11
0.05274128702463072,-0.618150636680068,-1.4158160537824738,2.5332263603828755,-0.5094017851651723,2,2024-01-11
0.892002931616553,-1.0469065707994991,-0.10168896440068788,0.26216123009340536,-0.9453601118503879,-2,2024-01-12
1.450937233455748,1.6160167769731855,0.8108647567431619,-0.6066509057739875,1.2004315301862154,-1,2024-01-12
0.8580832337956809,-0.844019319388802,-0.10668674789713377,0.4716767314856202,-1.289716922411201,0,2024-01-12
0.05274128702463072,-0.618150636680068,-1.4158160537824738,2.5332263603828755,-0.5094017851651723,1,2024-01-12
0.10131002328765418,-0.8699532263028704,-1.438661810000397,1.9401555027776256,-0.75952254293051,2,2024-01-12
0.6995538641530492,-0.5921062987357983,1.0973785820627864,0.5566909898553432,-0.26657479547104446,-2,2024-01-19
0.980749353833129,-0.34817743682174124,1.2092337503279722,1.7831412693426394,0.8072858898922456,-1,2024-01-19
0.19890072443289408,-0.03339746661438721,0.5004642125667359,1.2048627400377452,-0.48565982104206923,0,2024-01-19
-0.501837445469202,-0.22391154616059658,-1.5594014892930361,0.16338919928115184,-0.8280962387217231,1,2024-01-19
-0.34619343109464434,-0.46121199827291726,-1.2541078365294398,-0.18892208724974643,-0.5600473072335848,2,2024-01-19
-0.37840105096322546,-0.7931242065974594,0.7784714423189607,-0.41384092275319995,2.6709051303959996,-2,2024-02-07
-0.5209029446417631,0.3368792411508446,-0.2544100020335376,-0.8473962582944037,-0.16111680138491988,-1,2024-02-07
-0.7233917061845592,-0.29957175768883454,0.2655742919992003,-1.262440012644547,3.9793822439724704,0,2024-02-07
-2.5409689932144426,1.2087842855916098,0.8222630120133079,-1.2702296926788041,1.6434936625317407,1,2024-02-07
-1.0341390217442166,3.598503055524657,0.4193905212833363,-0.7936611197537099,-0.8905709407898114,2,2024-02-07
-0.5209029446417631,0.3368792411508446,-0.2544100020335376,-0.8473962582944037,-0.16111680138491988,-2,2024-02-08
-0.7233917061845592,-0.29957175768883454,0.2655742919992003,-1.262440012644547,3.9793822439724704,-1,2024-02-08
-2.5409689932144426,1.2087842855916098,0.8222630120133079,-1.2702296926788041,1.6434936625317407,0,2024-02-08
-1.0341390217442166,3.598503055524657,0.4193905212833363,-0.7936611197537099,-0.8905709407898114,1,2024-02-08
-0.32561859244933916,0.2792798154207586,-1.0471856949245837,-1.0281522222766486,1.3922727903416519,2,2024-02-08
-0.7233917061845592,-0.29957175768883454,0.2655742919992003,-1.262440012644547,3.9793822439724704,-2,2024-02-09
-2.5409689932144426,1.2087842855916098,0.8222630120133079,-1.2702296926788041,1.6434936625317407,-1,2024-02-09
-1.0341390217442166,3.598503055524657,0.4193905212833363,-0.7936611197537099,-0.8905709407898114,0,2024-02-09
-0.32561859244933916,0.2792798154207586,-1.0471856949245837,-1.0281522222766486,1.3922727903416519,1,2024-02-09
-0.3961829512347864,-0.5706223409394178,-0.8765901513049983,-0.9187006602542339,-0.6606251203188472,2,2024-02-09
-0.3961829512347864,-0.5706223409394178,-0.8765901513049983,-0.9187006602542339,-0.6606251203188472,-2,2024-02-13
-0.32494162563001255,1.581666857933637,0.3210392767998982,-0.6911916007493178,0.8484317335036671,-1,2024-02-13
0.37397999795642295,-0.4055914038048769,-0.18215093198182,-0.495204818520289,0.9984009747206192,0,2024-02-13
-0.5777282284002376,0.4215037295944683,0.900646514562963,-0.5053677798101064,-0.7802824200025246,1,2024-02-13
0.5885194211758518,0.49395676649917597,0.15016519764503164,-0.7136108641890584,-0.21392614920205782,2,2024-02-13
0.5885194211758518,0.49395676649917597,0.15016519764503164,-0.7136108641890584,-0.21392614920205782,-2,2024-02-17
-0.7070308414853612,0.38831292878544915,0.24614623874379615,0.14684099614900764,1.2236885103220594,-1,2024-02-17
0.28817690320200906,-0.4441757784909625,-1.2897273027276972,-0.2392829102657899,-0.36608990682966547,0,2024-02-17
0.11808081344310517,-0.32571237007847664,-0.9580452561576621,-0.9568417174591485,-0.1889183119145001,1,2024-02-17
-0.19297391465120067,-0.21601753614711702,0.7799502382760134,-1.1531605404096938,0.1045256927675114,2,2024-02-17
-1.0641941217531734,0.09721489592102063,-1.544749550946192,-0.4601877798073432,-0.06023519010122708,-2,2024-02-26
-0.4996845049026776,-0.18726482113757825,-1.5361836824776396,-0.8538775253815049,-0.31080844359341303,-1,2024-02-26
2.9862797308860216,1.253465330777774,0.09708207788941764,-0.18048444579373554,-0.9908221218640476,0,2024-02-26
-1.028711432043325,0.9264487787558106,0.9021619812043786,-1.094165193494338,-0.4819179268328731,1,2024-02-26
3.3165878341357633,1.2264712759884393,0.8598885546789904,-1.0039743382550363,0.20764756924176506,2,2024-02-26
0.1607358702757232,-0.1870582976358052,-1.041996716837701,-0.9678780020741338,-0.19336002555363682,-2,2024-03-05
-0.10816002050136171,0.14728928011755696,0.5879452303356301,-1.23587783122099,-0.3643980577166968,-1,2024-03-05
3.428404523752957,-2.035582182313279,-0.19095827021575484,-0.41866741413654074,-0.3226666292708552,0,2024-03-05
-1.3669491070732396,0.18676854452249667,0.45549394099966334,-1.2852145813172722,-0.3782645006237033,1,2024-03-05
-0.16206953748210956,-0.2363930433736657,0.37937054473939896,-0.9383009295525361,-1.0250795983626786,2,2024-03-05
-0.11839695284163396,0.19219909056961787,0.7703119065959271,-0.8942183383615905,-0.8467923474590453,-2,2024-03-15
0.7197181928234413,-0.031918715104605276,-0.08834825379781365,-0.44497352828198417,-1.2753510622195157,-1,2024-03-15
0.5848840833971347,-0.32321110801451536,3.111952010982727,-0.5550820323040848,-1.3313924286036178,0,2024-03-15
0.08682913572782787,-0.229461471665944,-1.0926920215403457,-0.25791174397570926,-0.9007763744774313,1,2024-03-15
-0.2546290560558725,-0.5381250710234047,-0.9674198749372745,1.2645283159949776,-1.1562118829900376,2,2024-03-15
-0.2546290560558725,-0.5381250710234047,-0.9674198749372745,1.2645283159949776,-1.1562118829900376,-2,2024-03-19
-0.60977609823205,-0.5109035717003073,0.6213420433165936,-0.6940411086134315,0.19210327314774006,-1,2024-03-19
-1.1990118866289685,-0.6904717769453684,0.974188791961968,0.4260151417830839,-1.1917872358493735,0,2024-03-19
-0.9847423301475563,0.5822989215639771,0.3904134408550593,1.0243519647742598,-1.0621670347659822,1,2024-03-19
-1.647991806342948,-0.2087061568282237,1.2927088696662625,-0.11205253201130691,-1.1417732950069956,2,2024-03-19
-0.60977609823205,-0.5109035717003073,0.6213420433165936,-0.6940411086134315,0.19210327314774006,-2,2024-03-20
-1.1990118866289685,-0.6904717769453684,0.974188791961968,0.4260151417830839,-1.1917872358493735,-1,2024-03-20
-0.9847423301475563,0.5822989215639771,0.3904134408550593,1.0243519647742598,-1.0621670347659822,0,2024-03-20
-1.647991806342948,-0.2087061568282237,1.2927088696662625,-0.11205253201130691,-1.1417732950069956,1,2024-03-20
0.9057466982570855,0.15322026412143486,0.6603819151294781,1.8038326553520005,-1.339147595878963,2,2024-03-20
-0.9847423301475563,0.5822989215639771,0.3904134408550593,1.0243519647742598,-1.0621670347659822,-2,2024-03-22
-1.647991806342948,-0.2087061568282237,1.2927088696662625,-0.11205253201130691,-1.1417732950069956,-1,2024-03-22
0.9057466982570855,0.15322026412143486,0.6603819151294781,1.8038326553520005,-1.339147595878963,0,2024-03-22
-0.6603331336880128,-0.24711910003863632,-1.300560836906809,0.43419880049292264,-0.8476714396773094,1,2024-03-22
-0.4430138432505274,-0.20209185584431677,-0.5568052146690144,-0.45099094517072197,-0.7738311072875257,2,2024-03-22
0.18038445953333196,0.27781062952151897,0.9677066042557048,-0.7211948930241348,-0.22849490444021794,-2,2024-03-27
-0.2028308321903011,-0.2380885250902865,0.7455540997630666,2.8929301929623747,-0.6854588732651441,-1,2024-03-27
-0.5094764703118448,-0.3866379324848659,-0.055997441269711255,-0.8902406860108649,-0.21805706932844893,0,2024-03-27
0.2756844924801185,-0.3540326897235575,0.6053454335343937,0.5429958360684122,1.1010603836470345,1,2024-03-27
0.5379438557389793,-0.7200255200165004,-0.36922681808712476,0.8707992197180849,-0.3876535870305796,2,2024-03-27
-0.26201197749590144,-0.02975349507511323,-1.1662613526736163,-0.5036653995474715,-0.14994208276505624,-2,2024-04-02
1.4519116690337899,-1.1793124654021854,-0.5943067515119353,0.4123244647983642,0.27360094330527746,-1,2024-04-02
1.2940716902218985,-0.1130987216133833,0.5729673801618356,0.4334281418517058,-0.720274887880416,0,2024-04-02
-1.6856388094152799,0.8530990843440187,-0.760191360921211,0.8907086846226118,-0.34441951159055906,1,2024-04-02
0.06040675087296163,0.3878503777288868,-0.5614140495916075,0.4651335863819579,-0.8213363633137799,2,2024-04-02
0.5863349404477582,-0.13670392138453585,3.678460740796942,-0.09806935403076905,-1.6261374795960855,-2,2024-04-12
-0.41291461037576815,-0.35322898361038246,-0.8242933789145684,-0.7100232510391632,-0.3499826287189944,-1,2024-04-12
0.5977380328490148,-1.2932818540008342,-0.018747417240646765,-0.07110155654430401,-1.2317786474296593,0,2024-04-12
-0.7021092138964675,-0.6094838416918744,-0.3588533489319485,4.310999798551314,-1.4501563643477657,1,2024-04-12
-0.7494484046797835,-0.030868210175523204,-1.0116948481497043,2.1348353193911804,0.06313744029500007,2,2024-04-12
-0.41291461037576815,-0.35322898361038246,-0.8242933789145684,-0.7100232510391632,-0.3499826287189944,-2,2024-04-13
0.5977380328490148,-1.2932818540008342,-0.018747417240646765,-0.07110155654430401,-1.2317786474296593,-1,2024-04-13
-0.7021092138964675,-0.6094838416918744,-0.3588533489319485,4.310999798551314,-1.4501563643477657,0,2024-04-13
-0.7494484046797835,-0.030868210175523204,-1.0116948481497043,2.1348353193911804,0.06313744029500007,1,2024-04-13
0.575096822839837,0.16197366748201344,0.6115958085712451,-0.7164901820289447,-1.428532211291533,2,2024-04-13
0.5977380328490148,-1.2932818540008342,-0.018747417240646765,-0.07110155654430401,-1.2317786474296593,-2,2024-04-14
-0.7021092138964675,-0.6094838416918744,-0.3588533489319485,4.310999798551314,-1.4501563643477657,-1,2024-04-14
-0.7494484046797835,-0.030868210175523204,-1.0116948481497043,2.1348353193911804,0.06313744029500007,0,2024-04-14
0.575096822839837,0.16197366748201344,0.6115958085712451,-0.7164901820289447,-1.428532211291533,1,2024-04-14
0.49041942540767247,0.285615384120288,0.2518307903247182,1.697632319412166,-0.8437863283600434,2,2024-04-14
1.1420126842069855,-0.5783398548964315,0.20192634955911254,0.3335204614793904,-0.21623896480953259,-2,2024-04-19
1.429475862251025,1.3318033177325057,0.5984862070595836,0.28596027088349296,-0.5008807189321772,-1,2024-04-19
0.502282465795859,0.8554859956382599,0.3325124274646291,0.03377854813693068,-0.7212954669254017,0,2024-04-19
-0.8405612428757463,0.21232673899053922,-1.070434851654966,0.5684770425749046,0.9105250751095045,1,2024-04-19
0.0763220150913006,-0.5215395674628801,-1.3299026395611242,-0.0850183137930223,-0.5891211402293683,2,2024-04-19
-0.32161058481609983,0.4897750572054441,-0.2632813176115507,0.28064023395109733,0.5871967641020538,-2,2024-05-01
0.8792190808846149,-1.8789192594675181,-0.569242824484131,1.3257162682938404,0.8533865963019507,-1,2024-05-01
1.6135387259280287,-2.4988456841976534,-0.46556076226693327,2.0420502543215493,-0.7938281209825975,0,2024-05-01
-1.5121983029013004,-1.8064008021567644,0.29587712773082886,1.388680741947494,-1.6022258190700238,1,2024-05-01
-0.9009997696934806,2.907098327883203,0.050834532072939476,-1.0866259311087019,-0.21022873566308425,2,2024-05-01
0.8792190808846149,-1.8789192594675181,-0.569242824484131,1.3257162682938404,0.8533865963019507,-2,2024-05-02
1.6135387259280287,-2.4988456841976534,-0.46556076226693327,2.0420502543215493,-0.7938281209825975,-1,2024-05-02
-1.5121983029013004,-1.8064008021567644,0.29587712773082886,1.388680741947494,-1.6022258190700238,0,2024-05-02
-0.9009997696934806,2.907098327883203,0.050834532072939476,-1.0866259311087019,-0.21022873566308425,1,2024-05-02
-0.22261385885646084,1.5747629061142496,-1.0307143720454184,-0.5099195798386246,-0.5199714878988559,2,2024-05-02
-0.009791721208264308,0.180233514396058,-1.568898278306485,-0.5904907308156793,-0.6978868428619613,-2,2024-05-20
-0.34050141867149586,-0.46607844834430234,-1.4321180190050067,-0.19797568283151554,1.2108499442896974,-1,2024-05-20
-0.7490250425151486,2.881197597889532,0.07318171766415488,-0.584645301877749,1.8208417256124456,0,2024-05-20
-0.4050193370897026,0.22664660036550358,2.4343841101639474,-1.5046670208942998,-0.22312204246780468,1,2024-05-20
-0.7258509137633564,0.3223601577208703,0.5163841184451627,-1.1185756749959477,0.7743702004050068,2,2024-05-20
-0.4050193370897026,0.22664660036550358,2.4343841101639474,-1.5046670208942998,-0.22312204246780468,-2,2024-05-23
-0.7258509137633564,0.3223601577208703,0.5163841184451627,-1.1185756749959477,0.7743702004050068,-1,2024-05-23
1.4685917990757846,-0.37100598620426756,0.13378373178868805,-0.05268010801263141,-0.4735454552136456,0,2024-05-23
0.4793734027086709,0.31441581820137304,-0.03266244501363106,0.4128754431121283,-0.32456314009083204,1,2024-05-23
-0.42210714141312494,0.03532104169667999,-1.132913367323145,-1.1741674740032249,-0.2478338384642682,2,2024-05-23
-0.7298214613703728,1.8172707907121168,0.11369499839347716,-1.0973550487067942,0.16861462220208046,-2,2024-06-07
-1.2781083647865819,-0.2211619502994986,-0.7840694754583025,0.03185619705552103,-0.7099072946286845,-1,2024-06-07
-0.28594367075823407,0.4910916395116757,0.3047234531071784,-1.0806619502913783,0.19252441765852726,0,2024-06-07
0.04537050044281964,0.010281013738732015,-1.156100604656548,-0.7041281627543583,0.8303743453899795,1,2024-06-07
-0.0831758695756426,-0.11918916025693493,-1.1247625466293463,-0.5858467258395095,0.8057016219548148,2,2024-06-07
-0.0831758695756426,-0.11918916025693493,-1.1247625466293463,-0.5858467258395095,0.8057016219548148,-2,2024-06-11
-0.4144393680463881,-0.1175693896715534,-0.29100554680599766,-0.7874588693281523,0.44185413597623235,-1,2024-06-11
0.7490726351490321,0.9152752266245149,0.16759657379396908,-0.1273684900374969,-0.7841325721820298,0,2024-06-11
-1.9084422158225531,-0.15265673326360138,0.8362989586438334,-0.5726596056682622,1.2717396145646487,1,2024-06-11
2.121168283798701,-0.04806482335808431,0.2818473454515982,0.434361117622352,-0.1634286071979606,2,2024-06-11
-1.9084422158225531,-0.15265673326360138,0.8362989586438334,-0.5726596056682622,1.2717396145646487,-2,2024-06-14
2.121168283798701,-0.04806482335808431,0.2818473454515982,0.434361117622352,-0.1634286071979606,-1,2024-06-14
1.0957365972292241,0.0052495235391729275,0.15271971267964415,-0.003409934624453052,-0.3685046471511092,0,2024-06-14
-0.29790585004923853,-0.03270551984199091,-1.3316052172835044,-0.5200429267804443,-0.29329209574948817,1,2024-06-14
-0.1952276003868772,-0.036908254723484635,-1.2063606199849846,-0.17948348766909966,-0.06819304269542074,2,2024-06-14
-0.2845766121495375,-0.14502051942524433,-1.3156501125504532,-0.000109328720332806,-0.5898258470141453,-2,2024-06-24
0.08167004619014011,-0.34113202736663817,-1.1916546621249948,1.0276826648915354,-0.9689308187185526,-1,2024-06-24
1.9351731037572497,-0.2828072633593958,1.3442841993288106,1.4195886450723871,0.22948132993625972,0,2024-06-24
-1.472345202840931,1.1518161274662895,0.705942289431318,0.5596458260850952,-0.48222960660248226,1,2024-06-24
2.8310666862222678,-0.7071261227234007,1.571538543123528,-0.30887899172086863,-0.14227543778926327,2,2024-06-24
0.08167004619014011,-0.34113202736663817,-1.1916546621249948,1.0276826648915354,-0.9689308187185526,-2,2024-06-25
1.9351731037572497,-0.2828072633593958,1.3442841993288106,1.4195886450723871,0.22948132993625972,-1,2024-06-25
-1.472345202840931,1.1518161274662895,0.705942289431318,0.5596458260850952,-0.48222960660248226,0,2024-06-25
2.8310666862222678,-0.7071261227234007,1.571538543123528,-0.30887899172086863,-0.14227543778926327,1,2024-06-25
0.6000440736766353,-0.23556625336949932,0.9514585039995183,1.4787320699625912,1.05866074951976,2,2024-06-25
0.8989729072195679,-1.6816549288033265,0.07149133418654631,-0.6748401662309428,0.1445812073028785,-2,2024-07-04
4.461459610686829,-0.06748416557738052,-0.181883152728106,1.7403144396739767,1.457407674228256,-1,2024-07-04
0.7407622083798568,0.3190161262900808,0.5997123502966022,2.6233726001204043,1.540323303077432,0,2024-07-04
1.806027993941985,0.29948379039256207,0.4590514348174944,2.8969545308685793,-1.2250491127221572,1,2024-07-04
0.2603273923641202,0.7728523479988959,-1.0028395845134022,2.7378804067628253,0.9440554058462383,2,2024-07-04
4.461459610686829,-0.06748416557738052,-0.181883152728106,1.7403144396739767,1.457407674228256,-2,2024-07-05
0.7407622083798568,0.3190161262900808,0.5997123502966022,2.6233726001204043,1.540323303077432,-1,2024-07-05
1.806027993941985,0.29948379039256207,0.4590514348174944,2.8969545308685793,-1.2250491127221572,0,2024-07-05
0.2603273923641202,0.7728523479988959,-1.0028395845134022,2.7378804067628253,0.9440554058462383,1,2024-07-05
-0.24595645711037326,0.368353834440078,-0.7145171929747357,-1.0336208105784161,-0.750216310523136,2,2024-07-05
0.2603273923641202,0.7728523479988959,-1.0028395845134022,2.7378804067628253,0.9440554058462383,-2,2024-07-08
-0.24595645711037326,0.368353834440078,-0.7145171929747357,-1.0336208105784161,-0.750216310523136,-1,2024-07-08
-0.563040198272051,-1.4522916291775463,0.4296269242185825,-0.5433325537385711,-1.5996661923586792,0,2024-07-08
-1.0138229305256656,-0.1728918245501011,0.3507562679976639,2.4510665719016473,-0.5915558541742184,1,2024-07-08
-0.060968528066203315,-0.025342161757715254,-0.17842786748128467,1.7002956084192782,-1.1167916374917373,2,2024-07-08
0.6591284222648981,0.31695965772059004,-0.2802088498523464,1.7772248520380114,-0.5797764583181079,-2,2024-08-05
0.9254149234434805,-0.11563402889153128,0.37093991789173564,3.0364719869873786,-1.0800555259607723,-1,2024-08-05
4.761226790737871,-0.3913083511263101,0.401709556724453,4.494484962760512,-1.541420706879991,0,2024-08-05
0.39606063181685136,0.3473318266729683,0.5370763079713184,1.2591556136206918,-0.4011903560457735,1,2024-08-05
-0.34231110934266273,-0.5543937294747306,1.4216616231138888,0.6200714639495959,-0.5433605710135294,2,2024-08-05
0.39606063181685136,0.3473318266729683,0.5370763079713184,1.2591556136206918,-0.4011903560457735,-2,2024-08-08
-0.34231110934266273,-0.5543937294747306,1.4216616231138888,0.6200714639495959,-0.5433605710135294,-1,2024-08-08
-2.779128139079161,0.9436575617240608,0.6923075246647137,1.342227410497778,-0.9057366651238465,0,2024-08-08
-0.9978879958920227,-0.6767252553484697,0.008340043794157806,-0.13010245513347785,0.12543108254637972,1,2024-08-08
-0.4060878794563868,0.050077711258465094,-0.5181164233407147,-0.1606771277736389,-0.009788014447648659,2,2024-08-08
-0.34231110934266273,-0.5543937294747306,1.4216616231138888,0.6200714639495959,-0.5433605710135294,-2,2024-08-09
-2.779128139079161,0.9436575617240608,0.6923075246647137,1.342227410497778,-0.9057366651238465,-1,2024-08-09
-0.9978879958920227,-0.6767252553484697,0.008340043794157806,-0.13010245513347785,0.12543108254637972,0,2024-08-09
-0.4060878794563868,0.050077711258465094,-0.5181164233407147,-0.1606771277736389,-0.009788014447648659,1,2024-08-09
-0.15937220712948033,-0.37784192531005845,-0.7066063674563097,0.44926720887467686,-0.7857127775476019,2,2024-08-09
-0.32193529098645807,-0.9681969611735477,3.275330702860603,0.17776678639035853,-0.7785268690678522,-2,2024-08-22
-0.4605273971767242,1.4515463961611994,0.45220336134669414,0.20768149711586034,-0.3836232234488206,-1,2024-08-22
-0.2077878384732548,0.14321378437701776,-0.0631010526479829,-0.36410724295919156,0.6269818231587105,0,2024-08-22
0.8258427203310856,1.0958081230821755,1.1150604089144924,-0.7382733516221012,-1.1013348949250978,1,2024-08-22
-0.6447423164924937,-0.34751296665016934,-1.1182724913304931,-0.842186394125861,-0.1387737804354889,2,2024-08-22
-0.35203527377109073,0.03384533477793956,0.11187045929428448,-0.7101405751520165,-0.22204666200854234,-2,2024-08-27
-0.30001931485971844,-1.3097809760633992,3.069368676267473,-0.9728590810186694,-1.3163796082712933,-1,2024-08-27
0.21946648335927305,-1.4824900749046315,1.1783000108062347,0.34401440001567957,1.422442562668917,0,2024-08-27
0.5934831332033421,-1.7505885351085975,2.841984744592431,1.1932356652977016,2.4871106150115003,1,2024-08-27
-0.28155900539882817,0.416458046457363,0.8431834873680452,0.4282745492510829,1.5648418994540272,2,2024-08-27
-0.30001931485971844,-1.3097809760633992,3.069368676267473,-0.9728590810186694,-1.3163796082712933,-2,2024-08-28
0.21946648335927305,-1.4824900749046315,1.1783000108062347,0.34401440001567957,1.422442562668917,-1,2024-08-28
0.5934831332033421,-1.7505885351085975,2.841984744592431,1.1932356652977016,2.4871106150115003,0,2024-08-28
-0.28155900539882817,0.416458046457363,0.8431834873680452,0.4282745492510829,1.5648418994540272,1,2024-08-28
-0.17702112559471153,-0.3253547275736174,0.5664380255171654,0.8267636116305821,0.14680624306168774,2,2024-08-28
-0.5234276124203081,1.5339250369184236,-0.9351811985749846,-1.2922180496002795,1.2302910044693396,-2,2024-11-12
2.365975380931241,3.3784859875690567,0.34218467825373455,-1.2030075635808843,0.29290574426200744,-1,2024-11-12
3.581339739814964,0.26502796162499426,0.09152370235773388,-1.0964920540856442,2.1899969678617124,0,2024-11-12
0.9465022326399092,0.9996792488407465,-0.3201033792163499,-1.1734538400267809,-0.49005748211551803,1,2024-11-12
-1.5307931476217798,0.3128780120712311,0.42003639541425747,-0.7317816295400503,0.53304452881903,2,2024-11-12
2.365975380931241,3.3784859875690567,0.34218467825373455,-1.2030075635808843,0.29290574426200744,-2,2024-11-13
3.581339739814964,0.26502796162499426,0.09152370235773388,-1.0964920540856442,2.1899969678617124,-1,2024-11-13
0.9465022326399092,0.9996792488407465,-0.3201033792163499,-1.1734538400267809,-0.49005748211551803,0,2024-11-13
-1.5307931476217798,0.3128780120712311,0.42003639541425747,-0.7317816295400503,0.53304452881903,1,2024-11-13
-0.34190941376308187,-1.2006260935032864,-0.0026913813811718207,-0.771660023660579,1.4540602879120113,2,2024-11-13
0.9642580243607447,1.068003154760744,-0.27068630371570157,-0.7867675438109497,-0.11165339522841812,-2,2024-12-06
1.1308487647901884,0.7759854354637957,-0.3987690975079596,0.028563153613631136,-0.7850704214541114,-1,2024-12-06
-1.346007603218716,1.6681746479575488,-0.6019634095662795,1.6079571553180019,-1.2506323176736414,0,2024-12-06
-0.9127334166224979,0.11887863293053569,-1.4814676988158764,0.7445126402241335,2.6931303055541966,1,2024-12-06
-1.011184895497757,-0.14541957989801713,-0.8830972070575668,1.1966655304128284,-0.20602350522809623,2,2024-12-06
0.6665130009323217,-0.5268650232542244,-0.3512653453143776,-0.44569409226651524,-0.08769888084510265,-2,2024-12-20
-0.5977328629937458,0.025146285482038015,-0.48808006578519464,0.7273910166956012,1.3063447554670238,-1,2024-12-20
-0.34134354843190623,-1.4921204104126988,-0.7367769056691863,3.4448001459305666,-0.760166591905524,0,2024-12-20
-0.4870535792200659,-0.4465410971247335,-1.4993640651688613,1.3406790861085354,-1.0282914144589022,1,2024-12-20
-0.5000606534767885,-0.5957999036397901,-0.30839681018107196,0.11501099098077947,1.2669853719071873,2,2024-12-20
-1.006367127271964,-0.30859607234850167,-0.5021477263510867,2.8151974412903735,-1.037402284562808,-2,2025-01-02
-0.6911783814909301,0.3396342172139721,-0.6174032817435268,0.43143794567318444,0.3710404353784188,-1,2025-01-02
-0.2251033728217359,0.5810406089800744,-0.06095788043434004,-0.7837933296678833,-0.08992025105151523,0,2025-01-02
-0.2692615350545639,0.7043742331815611,0.11395748874929593,-0.6086562893052059,-0.32581583651034274,1,2025-01-02
-0.5386971766363811,0.04408058601763526,-1.3152245800932554,-0.644666523598528,0.7885633675953153,2,2025-01-02
-0.41376788347586957,-0.06973437729424385,-0.5650684538303222,-1.0796980719548583,-0.789590691181898,-2,2025-01-20
-0.8212018140701287,0.5188536291289269,-0.2222536802881694,-0.9269752308373299,-0.9429621424034565,-1,2025-01-20
0.38741088020847386,0.8919092372363816,0.4288221436755258,-0.833954292188192,-0.6710595217033848,0,2025-01-20
-2.9092964432708404,0.15716041392728824,0.7321624940606914,-0.8898917651862135,-0.13963666012146259,1,2025-01-20
0.3278708408619366,0.2017047179249316,1.1391457930509215,-0.9555661811431657,-0.957940359926664,2,2025-01-20
-2.9092964432708404,0.15716041392728824,0.7321624940606914,-0.8898917651862135,-0.13963666012146259,-2,2025-01-23
0.3278708408619366,0.2017047179249316,1.1391457930509215,-0.9555661811431657,-0.957940359926664,-1,2025-01-23
0.31839084507937265,1.6246875807976728,0.3004937358081951,0.06465518129930453,0.5977752041646525,0,2025-01-23
1.3743592408766792,-1.1628401771695995,0.7648131428081559,-0.7753669939545729,-1.179061427252259,1,2025-01-23
-0.9461758272178714,0.02332418346555583,-1.1363327088800237,-1.526082993965668,-0.05337447099408276,2,2025-01-23
-0.5313572047956944,-2.1584051175456076,1.567155079913695,1.166498584142046,1.584267070739768,-2,2025-02-21
-1.9420941728930154,1.683761831359693,0.47431509829342605,0.06651982954601665,-0.5478783878430528,-1,2025-02-21
0.9287055952255724,0.8462778438275077,-0.36270849509594005,0.006129379055157583,-0.623850387261195,0,2025-02-21
-0.24419137329711357,0.1120346530266744,-1.709302361519907,-0.253456117438517,3.480004013837173,1,2025-02-21
-0.020511344784684877,-0.00024438424888356507,-1.1181900282802892,-0.47625886913685034,0.5691063347537436,2,2025-02-21
-0.020511344784684877,-0.00024438424888356507,-1.1181900282802892,-0.47625886913685034,0.5691063347537436,-2,2025-02-25
0.34422131379893706,-0.8695380589658647,0.03565758785405809,0.212709542220761,0.5800612389141181,-1,2025-02-25
-0.2023333250417869,-1.5340355510560437,-0.21865628441896043,2.9746441166972892,-0.749070529097408,0,2025-02-25
0.7609613787257105,0.21700244101757696,-0.08153053227471205,4.164531705397638,0.4026782583150778,1,2025-02-25
0.8323827870216779,-1.2278194481655607,0.5857732900958134,2.60063550419646,-1.1099448202333486,2,2025-02-25
0.34422131379893706,-0.8695380589658647,0.03565758785405809,0.212709542220761,0.5800612389141181,-2,2025-02-26
-0.2023333250417869,-1.5340355510560437,-0.21865628441896043,2.9746441166972892,-0.749070529097408,-1,2025-02-26
0.7609613787257105,0.21700244101757696,-0.08153053227471205,4.164531705397638,0.4026782583150778,0,2025-02-26
0.8323827870216779,-1.2278194481655607,0.5857732900958134,2.60063550419646,-1.1099448202333486,1,2025-02-26
0.3139316181987716,1.1023419641917784,0.7404399460863553,2.540041743378893,1.5448090266241563,2,2025-02-26
0.3139316181987716,1.1023419641917784,0.7404399460863553,2.540041743378893,1.5448090266241563,-2,2025-03-02
-0.20330486326760078,0.7788568734155419,-0.3487845773514866,0.6173029953123034,-0.32940125336721787,-1,2025-03-02
0.6200171446695062,2.9215945247217943,-0.23884657261114656,-0.18610105153923817,-1.0287941342871925,0,2025-03-02
0.18888704727381758,0.6380441634115456,1.0134763977361065,1.0106383973970705,-1.0879514449313155,1,2025-03-02
-1.4496929755556434,-0.4643169616520543,1.937902515327406,1.2889807597314347,-1.3220360306932373,2,2025-03-02
-0.20330486326760078,0.7788568734155419,-0.3487845773514866,0.6173029953123034,-0.32940125336721787,-2,2025-03-03
0.6200171446695062,2.9215945247217943,-0.23884657261114656,-0.18610105153923817,-1.0287941342871925,-1,2025-03-03
0.18888704727381758,0.6380441634115456,1.0134763977361065,1.0106383973970705,-1.0879514449313155,0,2025-03-03
-1.4496929755556434,-0.4643169616520543,1.937902515327406,1.2889807597314347,-1.3220360306932373,1,2025-03-03
-0.927638419304135,0.10724596617547827,1.0000898580049815,0.09103513824066103,-0.8865358498491205,2,2025-03-03
0.6200171446695062,2.9215945247217943,-0.23884657261114656,-0.18610105153923817,-1.0287941342871925,-2,2025-03-04
0.18888704727381758,0.6380441634115456,1.0134763977361065,1.0106383973970705,-1.0879514449313155,-1,2025-03-04
-1.4496929755556434,-0.4643169616520543,1.937902515327406,1.2889807597314347,-1.3220360306932373,0,2025-03-04
-0.927638419304135,0.10724596617547827,1.0000898580049815,0.09103513824066103,-0.8865358498491205,1,2025-03-04
-0.46749058332901133,-0.21917813672454384,1.4824109863671102,-0.16870884840821082,0.3744179621033581,2,2025-03-04
0.7348191593665947,0.23033031325546752,1.784162985979217,-0.19295862704926967,0.7064067731987771,-2,2025-03-16
-0.20539368896013588,0.2991127983329686,-1.4949842006374439,-0.5900926302727427,2.5701192007601836,-1,2025-03-16
0.6726423291142901,0.5036185558888467,-1.1562438400946733,0.9446413733455091,-0.07252260898828532,0,2025-03-16
-1.5726725089755138,-0.3383990774878186,2.7714222526568575,-0.4535172792750281,0.8891210900986293,1,2025-03-16
-0.10886798118897667,-0.46687647681557953,1.4527821383985433,-0.2751395600220591,-1.0094559481680565,2,2025-03-16
-2.273224743634472,-0.17277047405370188,0.33724538617923605,1.9961581469265457,-0.9078255781195842,-2,2025-03-26
0.910069552244351,0.18122629031628235,1.2302081948364876,-0.3866983942415473,0.48068478560370725,-1,2025-03-26
-0.11909431413179179,-0.3682185871327602,1.0678280909197575,-0.6302472891656691,-0.6268299213748282,0,2025-03-26
-0.2539512436102941,0.38583322850242086,1.1219980420266065,-0.5475761983127332,1.8424255973438346,1,2025-03-26
4.408148304220759,0.17168218252592346,0.4477338228163978,0.2552269291411318,-0.7406932634190543,2,2025-03-26
0.03548302842982098,0.14108850181694613,-1.302524700938763,0.025730272514120377,-0.8659914890902501,-2,2025-04-07
0.7456174733954941,-0.3666284319649242,0.5517728699352612,2.834960131144693,-1.0206645780659684,-1,2025-04-07
-0.680779237089538,-0.05550263310096603,1.2851788233824224,0.799404213249789,-0.6914244748941443,0,2025-04-07
-0.2031174483008018,-0.21626406808351947,1.4261882778480754,0.20033511690593447,0.47641387501268134,1,2025-04-07
-0.42986835130761375,1.2193868687901197,0.34932133893844236,-0.4889633332120096,-0.9065351345160917,2,2025-04-07
-0.680779237089538,-0.05550263310096603,1.2851788233824224,0.799404213249789,-0.6914244748941443,-2,2025-04-09
-0.2031174483008018,-0.21626406808351947,1.4261882778480754,0.20033511690593447,0.47641387501268134,-1,2025-04-09
-0.42986835130761375,1.2193868687901197,0.34932133893844236,-0.4889633332120096,-0.9065351345160917,0,2025-04-09
1.113714831492064,-1.5815552860144348,1.4447460763057272,-0.4996388231036606,3.7272755323347564,1,2025-04-09
-1.3178435442030008,3.514775290842467,-0.058101469092286216,-0.30972948556553553,-1.2174662715181097,2,2025-04-09
0.13746764554702137,0.042525512982633934,0.07746024070135257,-0.694072085275018,0.21781554251151514,-2,2025-04-22
-0.4715662890945588,0.3658001277974257,0.13168783459699843,-0.7248735879893361,-0.14653332300155902,-1,2025-04-22
-2.6453004518169574,3.2663215569726507,-0.07469644446335592,-0.87882238895555,-0.8174026065641598,0,2025-04-22
-0.6468560588798071,0.022148059875243806,1.1391292436909288,-0.902348197171837,-0.5173357622061526,1,2025-04-22
-1.03858169485447,-0.20034329000465498,-1.3441798794008262,-1.274391122411458,2.470295421151425,2,2025-04-22
-1.1778538298405064,-0.246137839517547,-0.018129543899776068,-0.5016605211170555,-0.542571485687356,-2,2025-05-18
0.0248306996501088,-0.17247590419831174,-1.7106740459922718,0.11345838563394499,1.2068364321127336,-1,2025-05-18
-0.6315118131572403,0.1305830434166444,-0.17967090595241939,-0.9769044680160873,0.5918868827900626,0,2025-05-18
-0.9513711528491272,0.3827538802472926,0.6576370460185251,-0.7557578044918547,0.16771106191162538,1,2025-05-18
-0.5478604494847796,0.31066547116336146,-0.09613268972214892,-0.6593290081223876,-0.46366776331496146,2,2025-05-18
-0.7574375353481058,-0.9366170799908166,1.4929451471621213,1.3186114326780514,0.40772961190754975,-2,2025-06-12
-0.6222950987339291,-0.42690066400296134,-0.18784007068975336,0.8978951263891792,1.024045429860379,-1,2025-06-12
-0.577195063035662,-1.0909312544169925,1.1404850706437595,2.933279405302775,0.5460393965320736,0,2025-06-12
2.751419358603536,-1.6764101216489453,0.013549839179345408,0.964217837958162,1.3403846723588209,1,2025-06-12
-0.03914299834476698,-0.2078453170320589,-1.294750354990764,0.9591864610860605,-0.5123414291705133,2,2025-06-12
0.2053890022871846,-0.18229847481261985,-0.7389308548632256,-0.8851936299638201,0.6999688474352788,-2,2025-07-01
0.2136196315917322,0.031042343478966516,0.8366551182406546,-0.9449965974445518,0.5021284575082425,-1,2025-07-01
0.115791372337045,-0.9546831994158539,-0.8824097985649252,-0.5005642520817142,0.6724581969970784,0,2025-07-01
-0.2808727568404058,1.073876632507107,-0.10591555243921769,-1.3033884761090455,0.2675341954298586,1,2025-07-01
-0.3046290520391619,1.8566637171018983,1.0407586880764865,-0.8431744432757614,-0.24370559107087772,2,2025-07-01
-0.08520427554964762,0.3526287132992657,1.0080884509865575,-1.405442566508978,-0.5620150737702729,-2,2025-07-10
0.15522031014828047,1.4030759996669497,0.510996455839688,-0.8468094620890004,-1.000754957584595,-1,2025-07-10
-1.8105427762604698,-1.6300839404067653,-0.19552673168379406,-1.2538199739170501,-1.1714935608783474,0,2025-07-10
2.583923619908941,1.1149380898901018,0.49170806569978465,-1.2246657572074255,-0.20782300470327447,1,2025-07-10
0.028007038752132674,0.31148970170780804,-1.059597206136269,-0.20993818317364302,-0.13551303860857186,2,2025-07-10
-0.023946334138719595,-0.41136674561327075,1.1805475205809912,-0.530076078781789,1.6543053554549199,-2,2025-08-15
0.3885601248538733,-2.7820243702582585,1.5996072081834953,-0.08644703981243891,-0.3351297051269706,-1,2025-08-15
1.237054520687211,-0.23344565775104043,0.29801892944726593,1.5197129666229168,-1.2622606184616065,0,2025-08-15
-0.2893308362958765,-0.14740764654704874,-1.649453142141278,-0.8459826378379371,-1.1035720029527483,1,2025-08-15
-0.09317281174825497,0.26812648869746347,-1.9466590644253585,0.6590394860220794,1.0391754378017266,2,2025-08-15
-0.35619049226656035,1.1263096513510562,0.4802998201397882,0.7092220859845925,-0.5345764758710869,-2,2025-08-24
0.3565095248432478,-0.6459510878687172,0.05366376779240144,1.3621184298622846,3.4213301348212735,-1,2025-08-24
0.03335845658495233,-0.20784875349447082,-1.7291135232433361,1.3672612633661145,-0.976882652877755,0,2025-08-24
0.1952251690448237,0.9364054413986541,0.12137232230647105,2.2927626446967238,0.16485156124488765,1,2025-08-24
0.2871545187815357,-1.2694030866038224,-0.09552523453872214,2.939011308942997,1.3720463225683366,2,2025-08-24
0.007669147816395222,0.7680451004255162,-0.8713495584642612,0.6562432192340896,2.8320086745523394,-2,2025-09-22
-0.03683618501629815,0.3343467968255456,0.0084273894601557,0.4784565327127609,2.251065073125825,-1,2025-09-22
0.7215834593379996,-1.542354512912216,1.1898179200669785,1.4587159056785337,-0.47766584637716697,0,2025-09-22
0.36191115251204287,0.024979386318536603,-0.04415510152664009,6.930041252823884,-0.16028906316818162,1,2025-09-22
-0.08692164966997609,1.5946498227502064,0.9952725118003012,-0.3116190897131561,0.33205566219802696,2,2025-09-22
-0.9542325949914408,-1.9089940826503067,0.6618012788265413,-0.12618569317546405,-1.29855998170415,-2,2025-10-01
-1.8838299848690474,0.6556100871788781,0.5016678635869607,-0.5287042597438736,-1.018803571599836,-1,2025-10-01
0.21935607233280136,-0.4352136500456331,1.186643030139468,-0.5457501687961678,-0.8380599525098167,0,2025-10-01
-1.0185804833371126,-0.0038180341330833647,-0.4837700590319262,-0.5333256122179691,-0.20798198767209786,1,2025-10-01
-1.7151882572724937,-0.529060545197509,0.5247625992529709,-0.735053997191078,0.16202575634005859,2,2025-10-01
-0.13454802353572137,0.10675613822770964,2.433671809111933,-0.1254545884458134,-0.901510166294059,-2,2025-10-10
0.12599405141283138,-0.42255955842897885,0.6786397965275575,-0.3426298602725197,-0.3439712343633209,-1,2025-10-10
0.7899105616386342,0.547191443143556,-0.27598840177415207,0.2811862223965443,-1.1872469866951056,0,2025-10-10
0.549503247306898,-1.551396509633137,-0.8502037750195834,0.09650608981177444,-0.3452872629979067,1,2025-10-10
0.4368911290893309,1.8397064828055125,0.35069594778718705,0.1697460486534536,-0.7742131988567452,2,2025-10-10
0.6346843469318294,-0.8281277252839772,0.04865462980113017,0.1824827648459072,-1.2402447335280709,-2,2025-10-31
-0.7849177341873043,0.5875312767603219,0.9601668722550376,0.5788889722613577,-0.936374131399403,-1,2025-10-31
-0.3700670961710083,0.975501422522357,-0.9321240983123947,1.0209737997957395,-0.919393719513469,0,2025-10-31
0.011157993207726057,0.9672146298411832,-1.6869145233949567,0.1767066703272975,1.873452694650602,1,2025-10-31
0.6564330877679473,1.3336949391174109,-1.612577844627613,-0.49275559086505694,-0.1302312295050728,2,2025-10-31
0.8161139436529985,0.6532951664105557,0.011449463587674381,0.2209137840624612,-0.6346540259408316,-2,2025-11-14
0.8453278223459106,0.9288457437756813,0.18277624296963493,0.2988480897237177,-0.8623648148583848,-1,2025-11-14
2.0153693602788665,-2.892553765357349,-0.21262918989354446,1.849197834606369,0.6479104477356237,0,2025-11-14
0.10216967436754548,0.5904447426652832,-1.506033622038321,0.052184862571674887,1.9001691943850179,1,2025-11-14
-0.1524036670176034,-0.29409446524262306,-1.952682475347512,0.6853668652290626,-0.7072281849508151,2,2025-11-14
-0.6888062959086604,0.9274670360214374,0.7688014473068665,0.7498205148955465,-0.6808015630560189,-2,2025-11-21
0.6457042593128169,0.27526556585062495,0.37461874615947155,2.0061675312567893,1.414541672545832,-1,2025-11-21
2.091572698303462,1.1279750864351055,0.025020497613692103,3.5051642711150506,0.037204905749984925,0,2025-11-21
-0.007300430654881568,-0.327221126216818,-1.267844177805571,0.971383616119923,-0.08303062344503308,1,2025-11-21
-0.21084579008312473,0.5422910852658294,-1.588969856952554,1.4279124907201388,-1.0339986496522193,2,2025-11-21
-0.49165374815939433,0.07605154724818577,-0.7267432939596457,-1.1258136893288853,2.2836111895186297,-2,2026-01-13
0.713360937821342,-0.3200738203678544,0.7071562702288625,-0.6313698475244814,1.1421002242562592,-1,2026-01-13
-0.50022768314595,3.166120640462365,0.7449113116948485,-1.0599927240460434,0.05876008049566648,0,2026-01-13
-0.7255835482920029,-0.3386982979997068,0.5663788362825635,-1.043685575449362,-0.28760526554872207,1,2026-01-13
1.3424467503062127,-1.034229231567106,1.2961734316906848,-0.787730695062677,0.0582625190514021,2,2026-01-13
1.2812557826560038,-0.39448651912353677,-0.12584154286824512,0.3780028258130872,0.12673328172146267,-2,2026-01-20
0.9678861886800484,-1.926673613920378,0.09442916734356864,-0.5009378813038362,-0.8961931261914704,-1,2026-01-20
2.376430610034158,-1.5037246022125825,-0.27171177083662457,0.1694730353408266,0.06024647941250376,0,2026-01-20
-1.098620357136381,0.5725198250049158,-0.5681250312546454,0.06258731227987756,-0.7087386487722582,1,2026-01-20
1.161180679643265,-0.8232566953876644,0.35216274739061565,0.03777628849847533,-0.9208583979653543,2,2026-01-20
-0.7699498541018125,-0.476691749257943,1.4835925396109078,0.1914577257473196,0.26306320703956837,-2,2026-01-30
1.3748341780887865,-0.3862092733455069,0.058952644894074785,-0.3636072327248931,-0.6327448045943753,-1,2026-01-30
0.13041897927477952,-1.0032569860580693,0.288199663147643,0.7683297402952352,0.33828765431440444,0,2026-01-30
1.8563049350073226,0.07337374023519527,-1.0532148615419694,0.5287344447464953,-0.6523320439169914,1,2026-01-30
-0.29748082735236714,0.46390349071658415,-0.3702653301533431,0.5019325908021051,-0.5818814729309577,2,2026-01-30
1.3748341780887865,-0.3862092733455069,0.058952644894074785,-0.3636072327248931,-0.6327448045943753,-2,2026-01-31
0.13041897927477952,-1.0032569860580693,0.288199663147643,0.7683297402952352,0.33828765431440444,-1,2026-01-31
1.8563049350073226,0.07337374023519527,-1.0532148615419694,0.5287344447464953,-0.6523320439169914,0,2026-01-31
-0.29748082735236714,0.46390349071658415,-0.3702653301533431,0.5019325908021051,-0.5818814729309577,1,2026-01-31
-1.4705381393516925,0.6344378008331307,0.017032985677072947,0.7537231874200617,-0.08750824856300256,2,2026-01-31
1.9636899367569238,-0.40846246126232105,0.0785158379061776,0.8498369310642339,-0.9792193330878007,-2,2026-02-05
0.432594464339723,0.5150788601841813,-0.717805020681301,0.11085059479469461,-0.8364788345426454,-1,2026-02-05
1.4714728200522165,-3.7728953423251617,-0.9455137752054786,1.6002112707799174,-0.5595049110751003,0,2026-02-05
4.29293738745854,-1.726682130303036,-0.6134729271878443,1.1009061167532301,-1.141076588124525,1,2026-02-05
0.0262079377224378,0.05914973967893752,-1.6980029493238884,0.04710924376804636,-1.7672629706155623,2,2026-02-05
0.432594464339723,0.5150788601841813,-0.717805020681301,0.11085059479469461,-0.8364788345426454,-2,2026-02-06
1.4714728200522165,-3.7728953423251617,-0.9455137752054786,1.6002112707799174,-0.5595049110751003,-1,2026-02-06
4.29293738745854,-1.726682130303036,-0.6134729271878443,1.1009061167532301,-1.141076588124525,0,2026-02-06
0.0262079377224378,0.05914973967893752,-1.6980029493238884,0.04710924376804636,-1.7672629706155623,1,2026-02-06
-0.823891179896902,-0.12217942435790798,-1.4366422665821086,-0.5836062553922712,-1.8161528262623208,2,2026-02-06
1.4714728200522165,-3.7728953423251617,-0.9455137752054786,1.6002112707799174,-0.5595049110751003,-2,2026-02-07
4.29293738745854,-1.726682130303036,-0.6134729271878443,1.1009061167532301,-1.141076588124525,-1,2026-02-07
0.0262079377224378,0.05914973967893752,-1.6980029493238884,0.04710924376804636,-1.7672629706155623,0,2026-02-07
-0.823891179896902,-0.12217942435790798,-1.4366422665821086,-0.5836062553922712,-1.8161528262623208,1,2026-02-07
0.7996525858033702,-1.0416017311849657,0.1130295978146323,0.13531267152919826,0.10255312847593222,2,2026-02-07
3.6244292479041786,0.14953469218760806,0.13336691905561923,1.1451550558420158,-0.7846423810736379,-2,2026-02-25
0.3083598201619546,-1.2869477284809883,1.0077618434627418,0.36693403959987286,-0.36112717177702924,-1,2026-02-25
0.18599843776454225,1.5583579941992678,-0.16055858520431976,-0.4191530776956066,-0.7372029913541602,0,2026-02-25
-0.3555502277716711,-0.01725769755366626,-0.30020263066440345,-0.0791741498806451,-0.8291649322240728,1,2026-02-25
2.8031608199915,0.8361980823641186,-0.29210741016816416,3.788046730001624,0.4735528746324205,2,2026-02-25
-1.0110369021901198,-0.2488778341560522,0.5926983971637729,-0.7432766379955079,0.28671788965630485,-2,2026-03-13
-0.6568206775093455,0.009320354414468782,0.30182560345977344,-0.21908901212505374,-0.8919743088421455,-1,2026-03-13
-0.7377157516828939,0.1637092183835232,0.32586435723878754,-0.5108076512501534,0.14741975316305928,0,2026-03-13
-0.6354653393556416,0.005264812748636206,-1.5954393775308842,-0.7198844165136151,-0.1877341569069624,1,2026-03-13
-0.5615432404930858,-0.09941472566176757,-1.531161140933723,-0.774305225267057,0.15100853143158594,2,2026-03-13
0.029921265168537554,-0.19630177329418683,-0.5417794557861856,0.17733434107259732,-0.49304775694830555,-2,2026-03-23
-0.0705270325389793,-0.003899312002191099,-0.27398005170986395,0.20965136737350795,-0.3125500676018275,-1,2026-03-23
-1.636917929603075,-0.18774806647317893,-0.44944163853946534,0.4956104753448887,-0.32709801340244365,0,2026-03-23
0.33388347339754754,1.0188293045721992,0.9431250868522054,-0.13040767325645494,-0.21511197717072475,1,2026-03-23
-1.022904331074096,-1.2046942077745408,0.6951712467150463,0.2754269301184779,-0.15338219970185835,2,2026-03-23
-0.8237697291611613,-0.6539576394724774,-0.3147940579734153,-0.0804435389268565,-0.6776981484812533,-2,2026-03-31
0.6512013608428041,-1.2402886603802779,0.5708007269608989,1.7401639840289242,-0.32779439130248983,-1,2026-03-31
-0.3172084558950931,-0.7257271791436485,-0.28754411059030915,-0.6825586531916694,0.2038500974317957,0,2026-03-31
0.30836153447769366,-0.5105493822355958,0.42281805527627453,-0.6285270966917432,-0.10349499218021656,1,2026-03-31
0.5288406660710565,-1.5476798005319123,-0.43027714200096445,0.2126792244987691,-0.4172113618811975,2,2026-03-31
0.4490927961828529,0.6444342515793723,0.4172135801105419,-0.320871019617472,1.0325787375829945,-2,2026-04-23
-1.258878490642465,0.21992806529966702,0.5643670667530518,-1.0142866914699857,2.644971025857643,-1,2026-04-23
0.1871971052827169,-0.9109734199139816,0.027579836843626835,-0.9596438701658062,-1.0291431704257648,0,2026-04-23
1.0312244321860367,1.1591266319048152,0.7109667841023212,-1.0099835112869617,-0.3020788040010783,1,2026-04-23
-0.6094292882548759,-0.05327248694855987,-1.9230905230856987,-0.6515960976652972,-0.5045777956337539,2,2026-04-23
-0.6094292882548759,-0.05327248694855987,-1.9230905230856987,-0.6515960976652972,-0.5045777956337539,-2,2026-04-27
-0.9079652660724917,-0.30816446502172046,-1.563434429882127,-0.5024752280473409,-0.8057263188898469,-1,2026-04-27
0.41640835747390564,0.8063336383824655,-0.2692829187073028,-0.5073340901981861,0.5671067540171076,0,2026-04-27
-0.016871793448867353,-0.3481405298836716,-0.26589718551741387,-0.8009089068388219,0.26675723174932625,1,2026-04-27
-0.009075018200936832,0.05445105114704214,-0.526730766698678,0.6767637202072057,-0.6200995772864595,2,2026-04-27
0.41640835747390564,0.8063336383824655,-0.2692829187073028,-0.5073340901981861,0.5671067540171076,-2,2026-04-29
-0.016871793448867353,-0.3481405298836716,-0.26589718551741387,-0.8009089068388219,0.26675723174932625,-1,2026-04-29
-0.009075018200936832,0.05445105114704214,-0.526730766698678,0.6767637202072057,-0.6200995772864595,0,2026-04-29
0.13189443400175585,-0.2712380615268384,-0.286889660692568,-0.7307031608349349,-0.4634687460425925,1,2026-04-29
-0.3533456941287689,1.1288724210617822,-0.5183024388312009,-0.413824665174295,1.6593840353347578,2,2026-04-29
2.433914758847378,0.0246061646145986,1.2593394913696248,-0.4194176680219466,1.7316909589770564,-2,2026-05-15
1.121641461991975,-0.7329182806041645,0.5203488504274578,-0.3137103209841159,-0.06047422380576565,-1,2026-05-15
-0.04475786378415533,-1.5552872413982481,0.03798383236080759,-0.6049535542285878,-0.4759744393841448,0,2026-05-15
-0.4344311601870611,-0.6255091090248501,-1.6662284870616033,0.02101723325250918,-0.8730562814345889,1,2026-05-15
-0.7876462417432043,-0.3391826701288543,-0.31083604056229364,0.21129439911911035,0.13364362070551578,2,2026-05-15
-0.04475786378415533,-1.5552872413982481,0.03798383236080759,-0.6049535542285878,-0.4759744393841448,-2,2026-05-17
-0.4344311601870611,-0.6255091090248501,-1.6662284870616033,0.02101723325250918,-0.8730562814345889,-1,2026-05-17
-0.7876462417432043,-0.3391826701288543,-0.31083604056229364,0.21129439911911035,0.13364362070551578,0,2026-05-17
-0.1950376713740288,-0.3638392533783443,-0.39221935643274314,-0.38290235098334074,-0.677955517559028,1,2026-05-17
-0.45350405453998704,0.06907626932197855,1.752424784267661,-0.054601375926665384,0.4548261095031256,2,2026-05-17
-0.13226798896590414,-2.6167216527725228,0.368199669188582,2.5092274223686166,-0.8545828602180775,-2,2026-06-04
2.2490260762448866,-0.7236932723287118,0.06328393580771635,1.7225571312448875,-1.1648586845604367,-1,2026-06-04
0.13880637239886487,-1.3305619923543814,0.46327642209108005,2.2075977346497577,-1.3944028651408493,0,2026-06-04
0.010632210434455116,1.5718207220707379,-0.2449633474025936,4.057183611117473,-0.6058231413211791,1,2026-06-04
-0.37369142051513293,0.539467806473372,-1.6220250541331678,0.6014717886058448,-1.1971919125453385,2,2026-06-04
2.2490260762448866,-0.7236932723287118,0.06328393580771635,1.7225571312448875,-1.1648586845604367,-2,2026-06-05
0.13880637239886487,-1.3305619923543814,0.46327642209108005,2.2075977346497577,-1.3944028651408493,-1,2026-06-05
0.010632210434455116,1.5718207220707379,-0.2449633474025936,4.057183611117473,-0.6058231413211791,0,2026-06-05
-0.37369142051513293,0.539467806473372,-1.6220250541331678,0.6014717886058448,-1.1971919125453385,1,2026-06-05
-1.6374683097483158,0.5915542094611392,-1.595268528187041,0.44605453072105816,-1.793477269025427,2,2026-06-05
-0.31429647983682607,1.0368990181613849,1.2540412531368959,-0.1262300430419534,-0.8922032673888368,-2,2026-06-18
1.9363337207840963,0.17994353435230376,-0.0452784866801301,-0.17279236089303898,0.6829292532247151,-1,2026-06-18
1.1139979287765562,-1.7577440479389044,-0.1304561373130362,0.18061606745147635,-0.3233873545838554,0,2026-06-18
-0.22985283134705775,-0.6120280638073159,1.1188798483631113,2.9572279078618298,-0.11232221624070446,1,2026-06-18
-0.38323453462595625,0.097904531802897,-1.6813065780522765,0.3417651681516869,0.7148716449898351,2,2026-06-18
1.006985127212485,0.509194403647144,1.492264957018259,4.856479808895283,-0.3653497386012955,-2,2026-06-26
0.9384554490948783,-0.41228538212889854,-0.07316019787524833,2.0669586781128926,0.05773997576605203,-1,2026-06-26
0.40577105973883204,0.5322209166739537,1.5811442170025172,5.242186642562605,-1.4329079698649907,0,2026-06-26
0.18642701025082783,0.6266100880739112,-0.8687257439193681,0.8235007541270845,0.10554190284080943,1,2026-06-26
0.2841440980093472,0.3600804597854379,-0.2342507448148546,-0.40501422036038137,-0.7857457807247152,2,2026-06-26
