symbol,year,n_hours,tbb_is_half_volume,tbq_is_half_qav,tbratio_base_eq_0p5,ntr_zero_rate,trades_zero_rate,vol_zero_rate,n_match_perp,n_match_spot,frac_eq_perp,frac_eq_spot,source
AAVEUSDT,2021,8760,1.0,1.0,1.0,1.0,1.0,0.0,8760,8747,1.0,0.0606,PERP
AAVEUSDT,2022,8760,1.0,1.0,1.0,1.0,1.0,0.0,8760,8760,1.0,0.0689,PERP
AAVEUSDT,2023,8760,1.0,1.0,1.0,1.0,1.0,0.0,8760,8759,1.0,0.0508,PERP
AAVEUSDT,2024,8784,1.0,1.0,1.0,1.0,1.0,0.0,8784,8784,0.9998,0.0403,PERP
AAVEUSDT,2025,8760,1.0,1.0,1.0,1.0,1.0,0.0,8760,8760,1.0,0.0292,PERP
AAVEUSDT,2026,4296,1.0,1.0,1.0,1.0,1.0,0.0,4296,4296,0.9998,0.0002,PERP
ADAUSDT,2020,8056,0.0,1.0,0.0,0.0,0.0,0.0,8056,8039,1.0,0.0675,PERP
ADAUSDT,2021,8760,0.0,1.0,0.0,0.0,0.0,0.0,8760,8747,1.0,0.0687,PERP
ADAUSDT,2022,8760,0.0,1.0,0.0,0.0,0.0,0.0,8760,8760,1.0,0.054,PERP
ADAUSDT,2023,8760,0.0,1.0,0.0,0.0,0.0,0.0,8760,8759,1.0,0.1263,PERP
ADAUSDT,2024,8784,0.0,1.0,0.0,0.0,0.0,0.0,8784,8784,1.0,0.0803,PERP
ADAUSDT,2025,8760,0.0,1.0,0.0,0.0,0.0,0.0,8760,8760,1.0,0.0311,PERP
ADAUSDT,2026,5925,0.0,1.0,0.0,0.0,0.0,0.0,5088,5088,0.6942,0.3935,MIX
ALGOUSDT,2021,8760,1.0,1.0,1.0,1.0,1.0,0.0,8760,8747,1.0,0.0504,PERP
ALGOUSDT,2022,8760,1.0,1.0,1.0,1.0,1.0,0.0,8760,8760,1.0,0.0695,PERP
ALGOUSDT,2023,8760,1.0,1.0,1.0,1.0,1.0,0.0,8760,8759,1.0,0.2447,PERP
ALGOUSDT,2024,8784,1.0,1.0,1.0,1.0,1.0,0.0,8784,8784,0.9998,0.1905,PERP
ALGOUSDT,2025,8760,1.0,1.0,1.0,1.0,1.0,0.0,8760,8760,1.0,0.137,PERP
ALGOUSDT,2026,4298,1.0,1.0,1.0,1.0,1.0,0.0,4298,4298,0.9998,0.2229,PERP
APTUSDT,2022,1774,1.0,1.0,1.0,1.0,1.0,0.0,1774,1774,1.0,0.0214,PERP
APTUSDT,2023,8760,1.0,1.0,1.0,1.0,1.0,0.0,8760,8759,1.0,0.051,PERP
APTUSDT,2024,8784,1.0,1.0,1.0,1.0,1.0,0.0,8784,8784,0.9998,0.0764,PERP
APTUSDT,2025,8760,1.0,1.0,1.0,1.0,1.0,0.0,8760,8760,1.0,0.0498,PERP
APTUSDT,2026,4296,1.0,1.0,1.0,1.0,1.0,0.0,4296,4296,0.9998,0.0489,PERP
ARBUSDT,2023,6801,1.0,1.0,1.0,1.0,1.0,0.0,6801,6800,1.0,0.0431,PERP
ARBUSDT,2024,8784,1.0,1.0,1.0,1.0,1.0,0.0,8784,8784,0.9998,0.0524,PERP
ARBUSDT,2025,8760,1.0,1.0,1.0,1.0,1.0,0.0,8760,8760,1.0,0.0787,PERP
ARBUSDT,2026,4295,1.0,1.0,1.0,1.0,1.0,0.0,4295,4295,0.9998,0.2412,PERP
ARUSDT,2021,2277,1.0,1.0,1.0,1.0,1.0,0.0,2277,2275,1.0,0.0655,PERP
ARUSDT,2022,8760,1.0,1.0,1.0,1.0,1.0,0.0,8760,8760,1.0,0.0876,PERP
ARUSDT,2023,8760,1.0,1.0,1.0,1.0,1.0,0.0,8760,8759,1.0,0.0578,PERP
ARUSDT,2024,8784,1.0,1.0,1.0,1.0,1.0,0.0,8784,8784,0.9998,0.0612,PERP
ARUSDT,2025,8760,1.0,1.0,1.0,1.0,1.0,0.0,8760,8760,1.0,0.0709,PERP
ARUSDT,2026,4298,1.0,1.0,1.0,1.0,1.0,0.0,4298,4298,0.9998,0.0523,PERP
ATOMUSDT,2021,8760,1.0,1.0,1.0,1.0,1.0,0.0,8760,8747,1.0,0.0516,PERP
ATOMUSDT,2022,8760,1.0,1.0,1.0,1.0,1.0,0.0,8760,8760,1.0,0.0409,PERP
ATOMUSDT,2023,8760,1.0,1.0,1.0,1.0,1.0,0.0,8760,8759,1.0,0.045,PERP
ATOMUSDT,2024,8784,1.0,1.0,1.0,1.0,1.0,0.0,8784,8784,0.9998,0.0288,PERP
ATOMUSDT,2025,8760,1.0,1.0,1.0,1.0,1.0,0.0,8760,8760,1.0,0.0288,PERP
ATOMUSDT,2026,4295,1.0,1.0,1.0,1.0,1.0,0.0,4295,4295,0.9998,0.0538,PERP
AVAXUSDT,2020,2393,0.0,1.0,0.0,0.0,0.0,0.0,2393,2388,1.0,0.0377,PERP
AVAXUSDT,2021,8760,0.0,1.0,0.0001,0.0,0.0,0.0,8760,8747,1.0,0.0646,PERP
AVAXUSDT,2022,8760,0.0,1.0,0.0,0.0,0.0,0.0,8760,8760,1.0,0.0846,PERP
AVAXUSDT,2023,8760,0.0001,1.0,0.0001,0.0,0.0,0.0,8760,8759,1.0,0.0973,PERP
AVAXUSDT,2024,8784,0.0,1.0,0.0,0.0,0.0,0.0,8784,8784,1.0,0.062,PERP
AVAXUSDT,2025,8760,0.0,1.0,0.0,0.0,0.0,0.0,8760,8760,1.0,0.0914,PERP
AVAXUSDT,2026,5925,0.0,1.0,0.0,0.0,0.0,0.0,5088,5088,0.6564,0.3858,MIX
BCHUSDT,2021,8760,1.0,1.0,1.0,1.0,1.0,0.0,8760,8747,1.0,0.0653,PERP
BCHUSDT,2022,8760,1.0,1.0,1.0,1.0,1.0,0.0,8760,8760,1.0,0.0639,PERP
BCHUSDT,2023,8760,1.0,1.0,1.0,1.0,1.0,0.0,8760,8759,1.0,0.0816,PERP
BCHUSDT,2024,8784,1.0,1.0,1.0,1.0,1.0,0.0,8784,8784,0.9998,0.0408,PERP
BCHUSDT,2025,8760,1.0,1.0,1.0,1.0,1.0,0.0,8760,8760,1.0,0.0326,PERP
BCHUSDT,2026,4295,1.0,1.0,1.0,1.0,1.0,0.0,4295,4295,0.9998,0.0007,PERP
BNBUSDT,2020,7816,0.0,1.0,0.0,0.0,0.0,0.0,7816,7800,1.0,0.0577,PERP
BNBUSDT,2021,8760,0.0,1.0,0.0,0.0,0.0,0.0,8760,8747,1.0,0.0716,PERP
BNBUSDT,2022,8760,0.0,1.0,0.0,0.0,0.0,0.0,8760,8760,1.0,0.0736,PERP
BNBUSDT,2023,8760,0.0,1.0,0.0,0.0,0.0,0.0,8760,8759,1.0,0.0872,PERP
BNBUSDT,2024,8784,0.0,1.0,0.0,0.0,0.0,0.0,8784,8784,1.0,0.1043,PERP
BNBUSDT,2025,8760,0.0,1.0,0.0,0.0,0.0,0.0,8760,8760,1.0,0.0967,PERP
BNBUSDT,2026,5924,0.0,1.0,0.0,0.0,0.0,0.0,5088,5088,0.6629,0.4082,MIX
BTCUSDT,2017,3278,1.0,1.0,0.9997,0.0003,0.0003,0.0003,0,0,,,NO_V2_REF
BTCUSDT,2018,8698,1.0,1.0,1.0,0.0,0.0,0.0,0,0,,,NO_V2_REF
BTCUSDT,2019,2651,1.0,1.0,0.9989,0.0011,0.0011,0.0011,0,2647,,0.1764,MIX
BTCUSDT,2020,8784,1.0,1.0,1.0,0.0,0.0,0.0,8784,8767,1.0,0.0982,PERP
BTCUSDT,2021,8760,1.0,1.0,1.0,0.0,0.0,0.0,8760,8747,1.0,0.0759,PERP
BTCUSDT,2022,8760,1.0,1.0,1.0,0.0,0.0,0.0,8760,8760,1.0,0.0372,PERP
BTCUSDT,2023,8760,1.0,1.0,1.0,0.0,0.0,0.0,8760,8759,1.0,0.0493,PERP
BTCUSDT,2024,8784,1.0,1.0,1.0,0.0,0.0,0.0,8784,8784,1.0,0.0656,PERP
BTCUSDT,2025,8760,1.0,1.0,1.0,0.0,0.0,0.0,8760,8760,1.0,0.014,PERP
BTCUSDT,2026,5924,0.0,1.0,0.0,0.0,0.0,0.0,5088,5088,0.0002,1.0,SPOT
DOGEUSDT,2019,4296,0.0,1.0,0.0,0.0,0.0,0.0,0,0,,,NO_V2_REF
DOGEUSDT,2020,8766,0.0,1.0,0.0,0.0,0.0,0.0,4185,4410,0.055,0.9998,SPOT
DOGEUSDT,2021,8747,0.0,1.0,0.0,0.0001,0.0001,0.0001,8747,8747,0.0711,0.9997,SPOT
DOGEUSDT,2022,8760,0.0,1.0,0.0,0.0,0.0,0.0,8760,8760,0.0614,1.0,SPOT
DOGEUSDT,2023,8759,0.0,1.0,0.0,0.0001,0.0001,0.0001,8759,8759,0.0363,1.0,SPOT
DOGEUSDT,2024,8784,0.0,1.0,0.0,0.0,0.0,0.0,8784,8784,0.0505,1.0,SPOT
DOGEUSDT,2025,8760,0.0,1.0,0.0,0.0,0.0,0.0,8760,8760,0.0164,1.0,SPOT
DOGEUSDT,2026,5925,0.0,1.0,0.0002,0.0,0.0,0.0,5088,5088,0.001,1.0,SPOT
DOTUSDT,2021,8760,1.0,1.0,1.0,1.0,1.0,0.0,8760,8747,1.0,0.0521,PERP
DOTUSDT,2022,8760,1.0,1.0,1.0,1.0,1.0,0.0,8760,8760,1.0,0.0479,PERP
DOTUSDT,2023,8760,1.0,1.0,1.0,1.0,1.0,0.0,8760,8759,1.0,0.0421,PERP
DOTUSDT,2024,8784,1.0,1.0,1.0,1.0,1.0,0.0,8784,8784,0.9998,0.0494,PERP
DOTUSDT,2025,8760,1.0,1.0,1.0,1.0,1.0,0.0,8760,8760,1.0,0.0729,PERP
DOTUSDT,2026,5917,0.7259,1.0,0.7259,0.7259,0.7259,0.0,5088,5088,0.8805,0.3154,MIX
ENAUSDT,2024,6564,1.0,1.0,1.0,1.0,1.0,0.0,6564,6564,0.9997,0.094,PERP
ENAUSDT,2025,8760,1.0,1.0,1.0,1.0,1.0,0.0,8760,8760,1.0,0.0807,PERP
ENAUSDT,2026,4298,1.0,1.0,1.0,1.0,1.0,0.0,4298,4298,0.9998,0.1705,PERP
ETCUSDT,2021,8760,1.0,1.0,1.0,1.0,1.0,0.0,8760,8747,1.0,0.0448,PERP
ETCUSDT,2022,8760,1.0,1.0,1.0,1.0,1.0,0.0,8760,8760,1.0,0.0526,PERP
ETCUSDT,2023,8760,1.0,1.0,1.0,1.0,1.0,0.0,8760,8759,1.0,0.097,PERP
ETCUSDT,2024,8784,1.0,1.0,1.0,1.0,1.0,0.0,8784,8784,0.9998,0.0789,PERP
ETCUSDT,2025,8760,1.0,1.0,1.0,1.0,1.0,0.0,8760,8760,1.0,0.0767,PERP
ETCUSDT,2026,4296,1.0,1.0,1.0,1.0,1.0,0.0,4296,4296,0.9998,0.0568,PERP
ETHUSDT,2017,3278,1.0,1.0,0.9991,0.0009,0.0009,0.0009,0,0,,,NO_V2_REF
ETHUSDT,2018,8698,1.0,1.0,1.0,0.0,0.0,0.0,0,0,,,NO_V2_REF
ETHUSDT,2019,787,1.0,1.0,0.9987,0.0013,0.0013,0.0013,0,787,,0.0928,MIX
ETHUSDT,2020,8784,1.0,1.0,1.0,0.0,0.0,0.0,8784,8767,1.0,0.1031,PERP
ETHUSDT,2021,8760,1.0,1.0,1.0,0.0,0.0,0.0,8760,8747,1.0,0.0851,PERP
ETHUSDT,2022,8760,1.0,1.0,1.0,0.0,0.0,0.0,8760,8760,1.0,0.032,PERP
ETHUSDT,2023,8760,1.0,1.0,1.0,0.0,0.0,0.0,8760,8759,1.0,0.0678,PERP
ETHUSDT,2024,8784,1.0,1.0,1.0,0.0,0.0,0.0,8784,8784,1.0,0.0417,PERP
ETHUSDT,2025,8760,1.0,1.0,1.0,0.0,0.0,0.0,8760,8760,1.0,0.0096,PERP
ETHUSDT,2026,5924,0.5633,1.0,0.5633,0.0,0.0,0.0,5088,5088,0.6557,0.3441,MIX
FETUSDT,2023,8374,1.0,1.0,1.0,1.0,1.0,0.0,8374,8373,1.0,0.1431,PERP
FETUSDT,2024,8784,1.0,1.0,1.0,1.0,1.0,0.0,8784,8784,0.9998,0.077,PERP
FETUSDT,2025,8760,1.0,1.0,1.0,1.0,1.0,0.0,8760,8760,1.0,0.0656,PERP
FETUSDT,2026,4297,1.0,1.0,1.0,1.0,1.0,0.0,4297,4297,0.9998,0.0691,PERP
FILUSDT,2021,8760,1.0,1.0,1.0,1.0,1.0,0.0,8760,8747,1.0,0.0719,PERP
FILUSDT,2022,8760,1.0,1.0,1.0,1.0,1.0,0.0,8640,8760,1.0,0.0795,PERP
FILUSDT,2023,8760,1.0,1.0,1.0,1.0,1.0,0.0,8760,8759,1.0,0.0621,PERP
FILUSDT,2024,8784,1.0,1.0,1.0,1.0,1.0,0.0,8784,8784,0.9998,0.0812,PERP
FILUSDT,2025,8760,1.0,1.0,1.0,1.0,1.0,0.0,8760,8760,1.0,0.1723,PERP
FILUSDT,2026,4296,1.0,1.0,1.0,1.0,1.0,0.0,4296,4296,0.9998,0.2055,PERP
GRTUSDT,2021,8760,1.0,1.0,1.0,1.0,1.0,0.0,8760,8747,1.0,0.0386,PERP
GRTUSDT,2022,8760,1.0,1.0,1.0,1.0,1.0,0.0,8640,8760,1.0,0.0632,PERP
GRTUSDT,2023,8760,1.0,1.0,1.0,1.0,1.0,0.0,8760,8759,1.0,0.0822,PERP
GRTUSDT,2024,8784,1.0,1.0,1.0,1.0,1.0,0.0,8784,8784,0.9998,0.0544,PERP
GRTUSDT,2025,8760,1.0,1.0,1.0,1.0,1.0,0.0,8760,8760,1.0,0.0562,PERP
GRTUSDT,2026,4297,1.0,1.0,1.0,1.0,1.0,0.0,4297,4297,0.9998,0.0112,PERP
HBARUSDT,2021,6953,1.0,1.0,1.0,1.0,1.0,0.0,6953,6942,1.0,0.051,PERP
HBARUSDT,2022,8760,1.0,1.0,1.0,1.0,1.0,0.0,8640,8760,1.0,0.0731,PERP
HBARUSDT,2023,8760,1.0,1.0,1.0,1.0,1.0,0.0,8760,8759,1.0,0.0595,PERP
HBARUSDT,2024,8784,1.0,1.0,1.0,1.0,1.0,0.0,8784,8784,0.9998,0.061,PERP
HBARUSDT,2025,8760,1.0,1.0,1.0,1.0,1.0,0.0,8760,8760,1.0,0.0301,PERP
HBARUSDT,2026,4298,1.0,1.0,1.0,1.0,1.0,0.0,4298,4298,0.9998,0.0002,PERP
ICPUSDT,2022,2302,1.0,1.0,1.0,1.0,1.0,0.0,2302,2302,1.0,0.0608,PERP
ICPUSDT,2023,8760,1.0,1.0,1.0,1.0,1.0,0.0,8760,8759,1.0,0.0879,PERP
ICPUSDT,2024,8784,1.0,1.0,1.0,1.0,1.0,0.0,8784,8784,0.9998,0.0502,PERP
ICPUSDT,2025,8760,1.0,1.0,1.0,1.0,1.0,0.0,8760,8760,1.0,0.0346,PERP
ICPUSDT,2026,4298,1.0,1.0,1.0,1.0,1.0,0.0,4298,4298,0.9998,0.024,PERP
IMXUSDT,2022,7773,1.0,1.0,1.0,1.0,1.0,0.0,7653,7773,1.0,0.0582,PERP
IMXUSDT,2023,8760,1.0,1.0,1.0,1.0,1.0,0.0,8760,8759,1.0,0.0587,PERP
IMXUSDT,2024,8784,1.0,1.0,1.0,1.0,1.0,0.0,8784,8784,0.9998,0.07,PERP
IMXUSDT,2025,8760,1.0,1.0,1.0,1.0,1.0,0.0,8760,8760,1.0,0.0679,PERP
IMXUSDT,2026,4297,1.0,1.0,1.0,1.0,1.0,0.0,4297,4297,0.9998,0.0375,PERP
INJUSDT,2022,3286,1.0,1.0,1.0,1.0,1.0,0.0,3286,3286,1.0,0.1887,PERP
INJUSDT,2023,8760,1.0,1.0,1.0,1.0,1.0,0.0,8760,8759,1.0,0.0666,PERP
INJUSDT,2024,8784,1.0,1.0,1.0,1.0,1.0,0.0,8784,8784,0.9998,0.0743,PERP
INJUSDT,2025,8760,1.0,1.0,1.0,1.0,1.0,0.0,8760,8760,1.0,0.1006,PERP
INJUSDT,2026,4295,1.0,1.0,1.0,1.0,1.0,0.0,4295,4295,0.9998,0.0221,PERP
JUPUSDT,2024,8046,1.0,1.0,1.0,1.0,1.0,0.0,8046,8046,0.9998,0.0425,PERP
JUPUSDT,2025,8760,1.0,1.0,1.0,1.0,1.0,0.0,8760,8760,1.0,0.0386,PERP
JUPUSDT,2026,4298,1.0,1.0,1.0,1.0,1.0,0.0,4298,4298,0.9998,0.0526,PERP
LDOUSDT,2022,2412,1.0,1.0,1.0,1.0,1.0,0.0,2412,2412,1.0,0.1248,PERP
LDOUSDT,2023,8760,1.0,1.0,1.0,1.0,1.0,0.0,8760,8759,1.0,0.0912,PERP
LDOUSDT,2024,8784,1.0,1.0,1.0,1.0,1.0,0.0,8784,8784,0.9998,0.086,PERP
LDOUSDT,2025,8760,1.0,1.0,1.0,1.0,1.0,0.0,8760,8760,1.0,0.0635,PERP
LDOUSDT,2026,4298,1.0,1.0,1.0,1.0,1.0,0.0,4298,4298,0.9998,0.0079,PERP
LINKUSDT,2020,8392,0.0,1.0,0.0001,0.0,0.0,0.0,8392,8375,1.0,0.0648,PERP
LINKUSDT,2021,8760,0.0,1.0,0.0,0.0,0.0,0.0,8760,8747,1.0,0.0703,PERP
LINKUSDT,2022,8760,0.0,1.0,0.0,0.0,0.0,0.0,8760,8760,1.0,0.0561,PERP
LINKUSDT,2023,8760,0.0,1.0,0.0,0.0,0.0,0.0,8760,8759,1.0,0.0489,PERP
LINKUSDT,2024,8784,0.0,1.0,0.0,0.0,0.0,0.0,8784,8784,1.0,0.0984,PERP
LINKUSDT,2025,8760,0.0,1.0,0.0,0.0,0.0,0.0,8760,8760,1.0,0.1175,PERP
LINKUSDT,2026,5887,0.0,1.0,0.0,0.0,0.0,0.0,5088,5088,0.6559,0.3872,MIX
LTCUSDT,2021,8760,1.0,1.0,1.0,1.0,1.0,0.0,8760,8747,1.0,0.0627,PERP
LTCUSDT,2022,8760,1.0,1.0,1.0,1.0,1.0,0.0,8640,8760,1.0,0.0508,PERP
LTCUSDT,2023,8760,1.0,1.0,1.0,1.0,1.0,0.0,8760,8759,1.0,0.0358,PERP
LTCUSDT,2024,8784,1.0,1.0,1.0,1.0,1.0,0.0,8784,8784,0.9998,0.0429,PERP
LTCUSDT,2025,8760,1.0,1.0,1.0,1.0,1.0,0.0,8760,8760,1.0,0.0336,PERP
LTCUSDT,2026,4295,1.0,1.0,1.0,1.0,1.0,0.0,4295,4295,0.9998,0.0,PERP
MANAUSDT,2021,7001,1.0,1.0,1.0,1.0,1.0,0.0,7001,6990,1.0,0.0448,PERP
MANAUSDT,2022,8760,1.0,1.0,1.0,1.0,1.0,0.0,8640,8760,1.0,0.0541,PERP
MANAUSDT,2023,8760,1.0,1.0,1.0,1.0,1.0,0.0,8760,8759,1.0,0.0554,PERP
MANAUSDT,2024,8784,1.0,1.0,1.0,1.0,1.0,0.0,8784,8784,0.9998,0.0821,PERP
MANAUSDT,2025,8760,1.0,1.0,1.0,1.0,1.0,0.0,8760,8760,1.0,0.0686,PERP
MANAUSDT,2026,4299,1.0,1.0,1.0,1.0,1.0,0.0,4299,4299,0.9998,0.1596,PERP
MKRUSDT,2021,8760,1.0,1.0,1.0,1.0,1.0,0.0,8760,8747,1.0,0.0525,PERP
MKRUSDT,2022,8760,1.0,1.0,1.0,1.0,1.0,0.0,8640,8760,1.0,0.055,PERP
MKRUSDT,2023,8760,1.0,1.0,1.0,1.0,1.0,0.0,8760,8759,1.0,0.0776,PERP
MKRUSDT,2024,8784,1.0,1.0,1.0,1.0,1.0,0.0,8784,8784,0.9998,0.0758,PERP
MKRUSDT,2025,8760,1.0,1.0,0.686,1.0,1.0,0.314,8760,6171,1.0,0.0638,PERP
MKRUSDT,2026,4296,,,0.0,1.0,1.0,1.0,4296,0,1.0,,PERP
NEARUSDT,2021,8760,1.0,1.0,1.0,1.0,1.0,0.0,8760,8747,1.0,0.0393,PERP
NEARUSDT,2022,8760,1.0,1.0,1.0,1.0,1.0,0.0,8640,8760,1.0,0.0737,PERP
NEARUSDT,2023,8760,1.0,1.0,1.0,1.0,1.0,0.0,8760,8759,1.0,0.2184,PERP
NEARUSDT,2024,8784,1.0,1.0,1.0,1.0,1.0,0.0,8784,8784,0.9998,0.0636,PERP
NEARUSDT,2025,8760,1.0,1.0,1.0,1.0,1.0,0.0,8760,8760,1.0,0.129,PERP
NEARUSDT,2026,4295,1.0,1.0,1.0,1.0,1.0,0.0,4295,4295,0.9998,0.1963,PERP
OPUSDT,2022,5122,1.0,1.0,1.0,1.0,1.0,0.0,5122,5122,1.0,0.0838,PERP
OPUSDT,2023,8760,1.0,1.0,1.0,1.0,1.0,0.0,8760,8759,1.0,0.0864,PERP
OPUSDT,2024,8784,1.0,1.0,1.0,1.0,1.0,0.0,8784,8784,0.9998,0.0894,PERP
OPUSDT,2025,8760,1.0,1.0,1.0,1.0,1.0,0.0,8760,8760,1.0,0.0854,PERP
OPUSDT,2026,4295,1.0,1.0,1.0,1.0,1.0,0.0,4295,4295,0.9998,0.1912,PERP
ORDIUSDT,2023,1308,1.0,1.0,1.0,1.0,1.0,0.0,1308,1308,1.0,0.0558,PERP
ORDIUSDT,2024,8784,1.0,1.0,1.0,1.0,1.0,0.0,8784,8784,0.9998,0.0889,PERP
ORDIUSDT,2025,8760,1.0,1.0,1.0,1.0,1.0,0.0,8760,8760,1.0,0.0624,PERP
ORDIUSDT,2026,4297,1.0,1.0,1.0,1.0,1.0,0.0,4297,4297,0.9998,0.0261,PERP
PENDLEUSDT,2023,3766,1.0,1.0,1.0,1.0,1.0,0.0,3766,3766,1.0,0.0552,PERP
PENDLEUSDT,2024,8784,1.0,1.0,1.0,1.0,1.0,0.0,8784,8784,0.9998,0.0644,PERP
PENDLEUSDT,2025,8760,1.0,1.0,1.0,1.0,1.0,0.0,8760,8760,1.0,0.0643,PERP
PENDLEUSDT,2026,4298,1.0,1.0,1.0,1.0,1.0,0.0,4298,4298,0.9998,0.0535,PERP
PEPEUSDT,2023,5768,1.0,1.0,1.0,1.0,1.0,0.0,5768,0,1.0,,PERP
PEPEUSDT,2024,8784,1.0,1.0,1.0,1.0,1.0,0.0,8784,0,0.9998,,PERP
PEPEUSDT,2025,8760,1.0,1.0,1.0,1.0,1.0,0.0,8760,0,1.0,,PERP
PEPEUSDT,2026,4297,1.0,1.0,1.0,1.0,1.0,0.0,4297,0,0.9998,,PERP
PYTHUSDT,2023,946,1.0,1.0,1.0,1.0,1.0,0.0,0,0,,,NO_V2_REF
PYTHUSDT,2024,8784,1.0,1.0,1.0,1.0,1.0,0.0,0,0,,,NO_V2_REF
PYTHUSDT,2025,8760,1.0,1.0,1.0,1.0,1.0,0.0,0,0,,,NO_V2_REF
PYTHUSDT,2026,4298,1.0,1.0,1.0,1.0,1.0,0.0,0,0,,,NO_V2_REF
RNDRUSDT,2023,7966,1.0,1.0,1.0,1.0,1.0,0.0,0,0,,,NO_V2_REF
RNDRUSDT,2024,5071,1.0,1.0,0.9341,1.0,1.0,0.0659,0,0,,,NO_V2_REF
RUNEUSDT,2021,8760,1.0,1.0,1.0,1.0,1.0,0.0,8760,8747,1.0,0.052,PERP
RUNEUSDT,2022,8760,1.0,1.0,1.0,1.0,1.0,0.0,8760,8760,1.0,0.1553,PERP
RUNEUSDT,2023,8760,1.0,1.0,1.0,1.0,1.0,0.0,8760,8759,1.0,0.2328,PERP
RUNEUSDT,2024,8784,1.0,1.0,1.0,1.0,1.0,0.0,8784,8784,0.9998,0.0696,PERP
RUNEUSDT,2025,8760,1.0,1.0,1.0,1.0,1.0,0.0,8760,8760,1.0,0.2358,PERP
RUNEUSDT,2026,4297,1.0,1.0,1.0,1.0,1.0,0.0,4297,4297,0.9998,0.0566,PERP
SANDUSDT,2021,8177,1.0,1.0,1.0,1.0,1.0,0.0,8177,8164,1.0,0.0486,PERP
SANDUSDT,2022,8760,1.0,1.0,1.0,1.0,1.0,0.0,8640,8760,1.0,0.0334,PERP
SANDUSDT,2023,8760,1.0,1.0,1.0,1.0,1.0,0.0,8760,8759,1.0,0.0511,PERP
SANDUSDT,2024,8784,1.0,1.0,1.0,1.0,1.0,0.0,8784,8784,0.9998,0.0913,PERP
SANDUSDT,2025,8760,1.0,1.0,1.0,1.0,1.0,0.0,8760,8760,1.0,0.0619,PERP
SANDUSDT,2026,4299,1.0,1.0,1.0,1.0,1.0,0.0,4299,4299,0.9998,0.0365,PERP
SEIUSDT,2023,3286,1.0,1.0,1.0,1.0,1.0,0.0,3286,3286,1.0,0.1926,PERP
SEIUSDT,2024,8784,1.0,1.0,1.0,1.0,1.0,0.0,8784,8784,0.9998,0.0457,PERP
SEIUSDT,2025,8760,1.0,1.0,1.0,1.0,1.0,0.0,8760,8760,1.0,0.1118,PERP
SEIUSDT,2026,4297,1.0,1.0,1.0,1.0,1.0,0.0,4297,4297,0.9998,0.1201,PERP
SOLUSDT,2020,2586,0.0,1.0,0.0,0.0,0.0,0.0,2586,2581,0.9996,0.0411,PERP
SOLUSDT,2021,8760,0.0001,1.0,0.0001,0.0,0.0,0.0,8760,8747,1.0,0.0775,PERP
SOLUSDT,2022,8640,0.0,1.0,0.0,0.0,0.0,0.0,8640,8640,1.0,0.0678,PERP
SOLUSDT,2023,8760,0.0,1.0,0.0001,0.0,0.0,0.0,8760,8759,1.0,0.101,PERP
SOLUSDT,2024,8784,0.0,1.0,0.0,0.0,0.0,0.0,8784,8784,1.0,0.0526,PERP
SOLUSDT,2025,8760,0.0,1.0,0.0,0.0,0.0,0.0,8760,8760,1.0,0.0129,PERP
SOLUSDT,2026,5924,0.0,1.0,0.0,0.0,0.0,0.0,5088,5088,0.6557,0.3441,MIX
STXUSDT,2023,7522,1.0,1.0,1.0,1.0,1.0,0.0,7522,7521,1.0,0.0649,PERP
STXUSDT,2024,8784,1.0,1.0,1.0,1.0,1.0,0.0,8784,8784,0.9998,0.0757,PERP
STXUSDT,2025,8760,1.0,1.0,1.0,1.0,1.0,0.0,8760,8760,1.0,0.062,PERP
STXUSDT,2026,4297,1.0,1.0,1.0,1.0,1.0,0.0,4297,4297,0.9998,0.0391,PERP
SUIUSDT,2023,5816,1.0,1.0,1.0,1.0,1.0,0.0,5816,5816,1.0,0.0476,PERP
SUIUSDT,2024,8784,1.0,1.0,1.0,1.0,1.0,0.0,8784,8784,0.9998,0.0566,PERP
SUIUSDT,2025,8760,1.0,1.0,1.0,1.0,1.0,0.0,8760,8760,1.0,0.0304,PERP
SUIUSDT,2026,4296,1.0,1.0,1.0,1.0,1.0,0.0,4296,4296,0.9998,0.0002,PERP
TAOUSDT,2024,6346,1.0,1.0,1.0,1.0,1.0,0.0,6346,6346,0.9997,0.107,PERP
TAOUSDT,2025,8760,1.0,1.0,1.0,1.0,1.0,0.0,8760,8760,1.0,0.084,PERP
TAOUSDT,2026,4297,1.0,1.0,1.0,1.0,1.0,0.0,4297,4297,0.9998,0.0421,PERP
TIAUSDT,2023,1470,1.0,1.0,1.0,1.0,1.0,0.0,1470,1470,1.0,0.0612,PERP
TIAUSDT,2024,8784,1.0,1.0,1.0,1.0,1.0,0.0,8784,8784,0.9998,0.0494,PERP
TIAUSDT,2025,8760,1.0,1.0,1.0,1.0,1.0,0.0,8760,8760,1.0,0.0925,PERP
TIAUSDT,2026,4297,1.0,1.0,1.0,1.0,1.0,0.0,4297,4297,0.9998,0.0054,PERP
TRXUSDT,2021,8760,1.0,1.0,1.0,1.0,1.0,0.0,8760,8747,1.0,0.0591,PERP
TRXUSDT,2022,8760,1.0,1.0,1.0,1.0,1.0,0.0,8640,8760,1.0,0.0135,PERP
TRXUSDT,2023,8760,1.0,1.0,1.0,1.0,1.0,0.0,8760,8759,1.0,0.0491,PERP
TRXUSDT,2024,8784,1.0,1.0,1.0,1.0,1.0,0.0,8784,8784,0.9998,0.1125,PERP
TRXUSDT,2025,8760,1.0,1.0,1.0,1.0,1.0,0.0,8760,8760,1.0,0.075,PERP
TRXUSDT,2026,4296,1.0,1.0,1.0,1.0,1.0,0.0,4296,4296,0.9998,0.0277,PERP
UNIUSDT,2021,8760,1.0,1.0,1.0,1.0,1.0,0.0,8760,8747,1.0,0.0608,PERP
UNIUSDT,2022,8760,1.0,1.0,1.0,1.0,1.0,0.0,8760,8760,1.0,0.0607,PERP
UNIUSDT,2023,8760,1.0,1.0,1.0,1.0,1.0,0.0,8760,8759,1.0,0.0511,PERP
UNIUSDT,2024,8784,1.0,1.0,1.0,1.0,1.0,0.0,8784,8784,0.9998,0.0454,PERP
UNIUSDT,2025,8760,1.0,1.0,1.0,1.0,1.0,0.0,8760,8760,1.0,0.0404,PERP
UNIUSDT,2026,4296,1.0,1.0,1.0,1.0,1.0,0.0,4296,4296,0.9998,0.0228,PERP
VETUSDT,2021,8760,1.0,1.0,1.0,1.0,1.0,0.0,8760,8747,1.0,0.0524,PERP
VETUSDT,2022,8760,1.0,1.0,1.0,1.0,1.0,0.0,8640,8760,1.0,0.1016,PERP
VETUSDT,2023,8760,1.0,1.0,1.0,1.0,1.0,0.0,8760,8759,1.0,0.1675,PERP
VETUSDT,2024,8784,1.0,1.0,1.0,1.0,1.0,0.0,8784,8784,0.9998,0.0433,PERP
VETUSDT,2025,8760,1.0,1.0,1.0,1.0,1.0,0.0,8760,8760,1.0,0.0543,PERP
VETUSDT,2026,4298,1.0,1.0,1.0,1.0,1.0,0.0,4298,4298,0.9998,0.0202,PERP
WIFUSDT,2024,8362,1.0,1.0,1.0,1.0,1.0,0.0,8362,7234,0.9998,0.0883,PERP
WIFUSDT,2025,8760,1.0,1.0,1.0,1.0,1.0,0.0,8760,8760,1.0,0.0768,PERP
WIFUSDT,2026,4297,1.0,1.0,1.0,1.0,1.0,0.0,4297,4297,0.9998,0.0621,PERP
WLDUSDT,2023,3852,1.0,1.0,1.0,1.0,1.0,0.0,3852,3852,1.0,0.0779,PERP
WLDUSDT,2024,8784,1.0,1.0,1.0,1.0,1.0,0.0,8784,8784,0.9998,0.0912,PERP
WLDUSDT,2025,8760,1.0,1.0,1.0,1.0,1.0,0.0,8760,8760,1.0,0.1243,PERP
WLDUSDT,2026,4298,1.0,1.0,1.0,1.0,1.0,0.0,4298,4298,0.9998,0.0268,PERP
XRPUSDT,2018,5772,0.0,1.0,0.0,0.0,0.0,0.0,0,0,,,NO_V2_REF
XRPUSDT,2019,8732,0.0,1.0,0.0,0.0001,0.0001,0.0001,0,0,,,NO_V2_REF
XRPUSDT,2020,8766,0.0,1.0,0.0,0.0,0.0,0.0,8638,8766,0.0702,0.9999,SPOT
XRPUSDT,2021,8747,0.0,1.0,0.0,0.0001,0.0001,0.0001,8747,8747,0.0508,0.9999,SPOT
XRPUSDT,2022,8760,0.0,1.0,0.0,0.0,0.0,0.0,8640,8760,0.0361,0.9998,SPOT
XRPUSDT,2023,8759,0.0,1.0,0.0,0.0001,0.0001,0.0001,8759,8759,0.0601,1.0,SPOT
XRPUSDT,2024,8784,0.0,1.0,0.0,0.0,0.0,0.0,8784,8784,0.0656,1.0,SPOT
XRPUSDT,2025,8760,0.0,1.0,0.0,0.0,0.0,0.0,8760,8760,0.0263,1.0,SPOT
XRPUSDT,2026,5925,0.0,1.0,0.0,0.0,0.0,0.0,5088,5088,0.0,1.0,SPOT
