mechanism_id,round,gross_bps,net_bps_at_14,verdict_source,kill_reason,trigger_type,holding_period,universe,tier_central,tier_stress,maker_admissible,n_independent,operational_status,cost_realistic_rt_central,net_bps_central,net_bps_stress15x_central,cost_realistic_rt_stress_tier,net_bps_stress_tier,net_bps_stress15x_stress_tier,maker_urgency_penalty_rt_if_posted_p99,maker_urgency_penalty_rt_if_posted_p999,w5_verdict,delta_net_bps
CVD_SHOCK_DOWN_MEMORY [validated],validation,13.98,-0.02,REJECTED,validation gate,EVENT_SHOCK,4h,49 symbols,T2_LIQUID_ALT,T3_MID_ALT,False,1133.0,,11.3,2.68,-2.97,12.7,1.28,-5.07,1.95,10.39,STILL_COST_FRAGILE,2.7
W7-018 BASIS_SHOCK down x time_since_prev,r3,13.2,-0.8,WEAK,cost (net ~breakeven),SLOW_STATE,4h,50-symbol frozen universe,T2_LIQUID_ALT,T3_MID_ALT,True,22466.0,,9.4,3.8,-0.9,11.7,1.5,-4.35,1.95,10.39,STILL_COST_FRAGILE,4.6
A6 LONG_CASCADE repeat>=2 fade x mktwide density (idiosyncratic),r3,12.8,-1.2,PROMISING (contrast arm),cost (breakeven),EVENT_SHOCK,fwd_4h,49 symbols,T2_LIQUID_ALT,T3_MID_ALT,False,2874.0,,11.3,1.5,-4.15,12.7,0.1,-6.25,1.95,10.39,STILL_COST_FRAGILE,2.7
XSEC_RESID_MOM_7D,r3,12.5,-1.5,WEAK,cost,SLOW_STATE,7d,312 PIT symbols,T3_MID_ALT,T4_WIDE_ALT,True,335.0,,11.7,0.8,-5.05,15.3,-2.8,-10.45,1.95,10.39,STILL_COST_FRAGILE,2.3
W7-017 BASIS_SHOCK up x time_since_prev,r3,11.5,-2.5,WEAK,cost (net still negative),SLOW_STATE,4h,50-symbol frozen universe,T2_LIQUID_ALT,T3_MID_ALT,True,21735.0,,9.4,2.1,-2.6,11.7,-0.2,-6.05,1.95,10.39,STILL_COST_FRAGILE,4.6
XSEC_MOM_30D_LO,r3,476.8,462.8,PROMISING,,SLOW_STATE,30d,312 PIT symbols,T3_MID_ALT,T4_WIDE_ALT,True,78.0,,11.7,465.1,459.25,15.3,461.5,453.85,1.95,10.39,UNCHANGED_ALIVE,2.3
OI_COLLAPSE_BOUNCE [discovery],validation,261.0,247.0,NEEDS_MORE_RESEARCH,validation gate,EVENT_SHOCK,4h,49 symbols,T2_LIQUID_ALT,T3_MID_ALT,False,833.0,,11.3,249.7,244.05,12.7,248.3,241.95,1.95,10.39,UNCHANGED_ALIVE,2.7
XSEC_DISPERSION_COND_MOM_14D,r3,227.8,213.8,WEAK,not significant (t=1.42),SLOW_STATE,14d,312 PIT symbols,T3_MID_ALT,T4_WIDE_ALT,True,167.0,,11.7,216.1,210.25,15.3,212.5,204.85,1.95,10.39,UNCHANGED_ALIVE,2.3
XSEC_MOM_14D_LO,r3,213.3,199.3,PROMISING,,SLOW_STATE,14d,312 PIT symbols,T3_MID_ALT,T4_WIDE_ALT,True,167.0,,11.7,201.6,195.75,15.3,198.0,190.35,1.95,10.39,UNCHANGED_ALIVE,2.3
XSEC_MOMENTUM_HORIZON_EXTENSION [discovery],validation,213.3,199.3,REJECTED,validation gate,SLOW_STATE,7d,312 PIT symbols,T3_MID_ALT,T4_WIDE_ALT,True,77.0,,11.7,201.6,195.75,15.3,198.0,190.35,1.95,10.39,UNCHANGED_ALIVE,2.3
W7-036 DVOL_SHOCK down x count_30d_same_direction,r3,160.3,146.3,WEAK,"non-monotonic, n too small (21)",EVENT_SHOCK,24h,Deribit DVOL BTC+ETH,T3_MID_ALT,T4_WIDE_ALT,False,21.0,,12.7,147.6,141.25,15.8,144.5,136.6,1.95,10.39,UNCHANGED_ALIVE,1.3
W7-038 DVOL_SHOCK down x cumint_90d_tercile,r3,159.8,145.8,WEAK,"reversed vs up-side, n too small",EVENT_SHOCK,24h,Deribit DVOL BTC+ETH,T3_MID_ALT,T4_WIDE_ALT,False,35.0,,12.7,147.1,140.75,15.8,144.0,136.1,1.95,10.39,UNCHANGED_ALIVE,1.3
W7-037 DVOL_SHOCK down x time_since_prev,r3,131.2,117.2,WEAK,"not significant, n too small (18)",EVENT_SHOCK,24h,Deribit DVOL BTC+ETH,T3_MID_ALT,T4_WIDE_ALT,False,18.0,,12.7,118.5,112.15,15.8,115.4,107.5,1.95,10.39,UNCHANGED_ALIVE,1.3
XSEC_SECTOR_NEUTRAL_MOM_14D,r3,129.3,115.3,WEAK,not significant (t=1.56),SLOW_STATE,14d,150/312 sector-mapped,T3_MID_ALT,T4_WIDE_ALT,True,164.0,,11.7,117.6,111.75,15.3,114.0,106.35,1.95,10.39,UNCHANGED_ALIVE,2.3
XSEC_AMIHUD_ILLIQ_7D,r3,127.3,113.3,PROMISING,,SLOW_STATE,7d,312 PIT symbols,T3_MID_ALT,T4_WIDE_ALT,True,336.0,,11.7,115.6,109.75,15.3,112.0,104.35,1.95,10.39,UNCHANGED_ALIVE,2.3
AMIHUD_ILLIQUIDITY_PREMIUM [validated],validation,119.7,105.7,VALIDATED_FOR_FORWARD,,SLOW_STATE,7d,312 PIT symbols,T3_MID_ALT,T4_WIDE_ALT,True,332.0,SIGNAL_SHADOW,11.7,108.0,102.15,15.3,104.4,96.75,1.95,10.39,UNCHANGED_ALIVE,2.3
D-SECTOR-ROTATION-D_mom-7D,r3,117.0,103.0,PROMISING,low-df caveat,SLOW_STATE,7d,10 sector baskets,T3_MID_ALT,T4_WIDE_ALT,True,259.0,,11.7,105.3,99.45,15.3,101.7,94.05,1.95,10.39,UNCHANGED_ALIVE,2.3
SECTOR_ROTATION [discovery],validation,117.0,103.0,REJECTED,validation gate,UNCLEAR,,312 PIT symbols,T3_MID_ALT,T4_WIDE_ALT,False,74.0,,12.7,104.3,97.95,15.8,101.2,93.3,1.95,10.39,UNCHANGED_ALIVE,1.3
AMIHUD_ILLIQUIDITY_PREMIUM [discovery],validation,113.3,99.3,VALIDATED_FOR_FORWARD,,SLOW_STATE,7d,312 PIT symbols,T3_MID_ALT,T4_WIDE_ALT,True,332.0,SIGNAL_SHADOW,11.7,101.6,95.75,15.3,98.0,90.35,1.95,10.39,UNCHANGED_ALIVE,2.3
XSEC_REL_LEVERAGE_14D,r3,101.3,87.3,PROMISING,,SLOW_STATE,14d,312 PIT symbols,T3_MID_ALT,T4_WIDE_ALT,True,121.0,,11.7,89.6,83.75,15.3,86.0,78.35,1.95,10.39,UNCHANGED_ALIVE,2.3
XSEC_RESID_MOM_14D,r3,92.8,78.8,PROMISING,,SLOW_STATE,14d,312 PIT symbols,T3_MID_ALT,T4_WIDE_ALT,True,167.0,,11.7,81.1,75.25,15.3,77.5,69.85,1.95,10.39,UNCHANGED_ALIVE,2.3
XSEC_ACCEL_14D,r3,92.1,78.1,WEAK,anchor SIGN-FLIP,SLOW_STATE,14d,312 PIT symbols,T3_MID_ALT,T4_WIDE_ALT,True,167.0,,11.7,80.4,74.55,15.3,76.8,69.15,1.95,10.39,UNCHANGED_ALIVE,2.3
D-CURVESHAPE-BTCvsETH-PAIR-7D,r3,91.8,77.8,PROMISING,,SLOW_STATE,7d,BTC vs ETH quarterly curves,T1_MAJOR,T2_LIQUID_ALT,True,157.0,,8.6,83.2,78.9,9.4,82.4,77.7,1.95,10.39,UNCHANGED_ALIVE,5.4
XSEC_MOM_14D_LS,r3,87.5,73.5,PROMISING,,SLOW_STATE,14d,312 PIT symbols,T3_MID_ALT,T4_WIDE_ALT,True,167.0,,11.7,75.8,69.95,15.3,72.2,64.55,1.95,10.39,UNCHANGED_ALIVE,2.3
XSEC_RESIDUAL_MOMENTUM_14D [discovery],validation,78.8,64.8,REJECTED,validation gate,SLOW_STATE,7d,312 PIT symbols,T3_MID_ALT,T4_WIDE_ALT,True,77.0,,11.7,67.1,61.25,15.3,63.5,55.85,1.95,10.39,UNCHANGED_ALIVE,2.3
B4 OI-growth reversal x funding (extreme),r3,78.2,64.2,WEAK,"not significant (t=1.10), thin N",SLOW_STATE,7d,48-symbol daily panel,T3_MID_ALT,T4_WIDE_ALT,True,77.0,,11.7,66.5,60.65,15.3,62.9,55.25,1.95,10.39,UNCHANGED_ALIVE,2.3
XSEC_MOM_CVD_CONFIRMED_7D,r3,77.8,63.8,PROMISING,,SLOW_STATE,7d,312 PIT symbols,T3_MID_ALT,T4_WIDE_ALT,True,308.0,,11.7,66.1,60.25,15.3,62.5,54.85,1.95,10.39,UNCHANGED_ALIVE,2.3
XSEC_BREADTH_COND_MOM_7D,r3,76.9,62.9,WEAK,not significant (t=1.41),SLOW_STATE,7d,312 PIT symbols,T3_MID_ALT,T4_WIDE_ALT,True,336.0,,11.7,65.2,59.35,15.3,61.6,53.95,1.95,10.39,UNCHANGED_ALIVE,2.3
XSEC_MOM_VOLADJ_14D,r3,75.2,61.2,WEAK,not significant (t=0.67),SLOW_STATE,14d,312 PIT symbols,T3_MID_ALT,T4_WIDE_ALT,True,167.0,,11.7,63.5,57.65,15.3,59.9,52.25,1.95,10.39,UNCHANGED_ALIVE,2.3
XSEC_MOM_OI_DIVERGENT_7D,r3,73.2,59.2,WEAK,anchor SIGN-FLIP,SLOW_STATE,7d,312 PIT symbols,T3_MID_ALT,T4_WIDE_ALT,True,240.0,,11.7,61.5,55.65,15.3,57.9,50.25,1.95,10.39,UNCHANGED_ALIVE,2.3
XSEC_MOM_7D_LO,r3,69.0,55.0,PROMISING,,SLOW_STATE,7d,312 PIT symbols,T3_MID_ALT,T4_WIDE_ALT,True,336.0,,11.7,57.3,51.45,15.3,53.7,46.05,1.95,10.39,UNCHANGED_ALIVE,2.3
C2 positioning taker-flow fade x vol (high vol),r3,66.6,52.6,WEAK/DATA_LIMITED,"regime concentration, t=1.04",MICROSTRUCTURE,24h,47 symbols positioning,T3_MID_ALT,T4_WIDE_ALT,True,21.0,,11.7,54.9,49.05,15.3,51.3,43.65,1.95,10.39,UNCHANGED_ALIVE,2.3
D-TAKER_LSR-mom-7D,r3,65.9,51.9,PROMISING,,MICROSTRUCTURE,7d,vision metrics taker LSR,T3_MID_ALT,T4_WIDE_ALT,True,224.0,,11.7,54.2,48.35,15.3,50.6,42.95,1.95,10.39,UNCHANGED_ALIVE,2.3
XSEC_MOMENTUM_HORIZON_EXTENSION [validated],validation,65.78,51.78,REJECTED,validation gate,SLOW_STATE,7d,312 PIT symbols,T3_MID_ALT,T4_WIDE_ALT,True,77.0,,11.7,54.08,48.23,15.3,50.48,42.83,1.95,10.39,UNCHANGED_ALIVE,2.3
D-GLOBAL_LSR-fade-7D,r3,65.5,51.5,PROMISING,,SLOW_STATE,7d,vision metrics global LSR,T3_MID_ALT,T4_WIDE_ALT,True,239.0,,11.7,53.8,47.95,15.3,50.2,42.55,1.95,10.39,UNCHANGED_ALIVE,2.3
BTC_LEAD_ALT_CASCADE [validated],validation,60.87,46.87,VALIDATED_FOR_FORWARD,,EVENT_SHOCK,4h,49 symbols,T2_LIQUID_ALT,T3_MID_ALT,False,259.0,SIGNAL_SHADOW,11.3,49.57,43.92,12.7,48.17,41.82,1.95,10.39,UNCHANGED_ALIVE,2.7
D-RVSECTOR-C_rev-7D,r3,60.4,46.4,PROMISING,,SLOW_STATE,7d,sector-tagged universe,T3_MID_ALT,T4_WIDE_ALT,True,324.0,,11.7,48.7,42.85,15.3,45.1,37.45,1.95,10.39,UNCHANGED_ALIVE,2.3
SECTOR_RELATIVE_STRENGTH_REVERSAL [discovery],validation,60.4,46.4,REJECTED,validation gate,UNCLEAR,,312 PIT symbols,T3_MID_ALT,T4_WIDE_ALT,False,74.0,,12.7,47.7,41.35,15.8,44.6,36.7,1.95,10.39,UNCHANGED_ALIVE,1.3
D-CURVESHAPE-ETH-MOM-7D,r3,57.1,43.1,DEAD,stability (1/5 years),SLOW_STATE,7d,ETHUSDT quarterly curve,T1_MAJOR,T2_LIQUID_ALT,True,157.0,,8.6,48.5,44.2,9.4,47.7,43.0,1.95,10.39,UNCHANGED_ALIVE,5.4
XSEC_SECTOR_ROTATION_7D,r3,55.6,41.6,WEAK,not significant (t=0.61),SLOW_STATE,7d,sector baskets,T3_MID_ALT,T4_WIDE_ALT,True,249.0,,11.7,43.9,38.05,15.3,40.3,32.65,1.95,10.39,UNCHANGED_ALIVE,2.3
D-CURVESHAPE-BTC-FADE-14D,r3,54.8,40.8,DEAD,stability/t-stat bar,SLOW_STATE,14d,BTCUSDT quarterly curve,T1_MAJOR,T2_LIQUID_ALT,True,78.0,,8.6,46.2,41.9,9.4,45.4,40.7,1.95,10.39,UNCHANGED_ALIVE,5.4
LIQ_CASCADE_SHORT_SQUEEZE_EXHAUSTION [blocked],validation,54.0,40.0,BLOCKED,sign unresolved,EVENT_SHOCK,4h,49 symbols,T2_LIQUID_ALT,T3_MID_ALT,False,1140.0,,11.3,42.7,37.05,12.7,41.3,34.95,1.95,10.39,UNCHANGED_ALIVE,2.7
B5 basis carry x crowding (low crowding),r3,53.8,39.8,WEAK,conditioning adds little,SLOW_STATE,7d,48-symbol daily panel,T3_MID_ALT,T4_WIDE_ALT,True,119.0,,11.7,42.1,36.25,15.3,38.5,30.85,1.95,10.39,UNCHANGED_ALIVE,2.3
A6 LONG_CASCADE repeat>=2 fade x mktwide density (systemic),r3,53.5,39.5,PROMISING,,EVENT_SHOCK,fwd_4h,49 symbols,T2_LIQUID_ALT,T3_MID_ALT,False,2047.0,,11.3,42.2,36.55,12.7,40.8,34.45,1.95,10.39,UNCHANGED_ALIVE,2.7
LIQ_REPEAT_DENSITY [discovery],validation,53.5,39.5,VALIDATED_FOR_FORWARD,,EVENT_SHOCK,4h,49 symbols,T2_LIQUID_ALT,T3_MID_ALT,False,1165.0,,11.3,42.2,36.55,12.7,40.8,34.45,1.95,10.39,UNCHANGED_ALIVE,2.7
XSEC_REL_LEVERAGE_7D,r3,52.6,38.6,WEAK,not significant (t=0.91),SLOW_STATE,7d,312 PIT symbols,T3_MID_ALT,T4_WIDE_ALT,True,243.0,,11.7,40.9,35.05,15.3,37.3,29.65,1.95,10.39,UNCHANGED_ALIVE,2.3
BTC_LEAD_ALT_CASCADE [discovery],validation,47.0,33.0,VALIDATED_FOR_FORWARD,,EVENT_SHOCK,4h,49 symbols,T2_LIQUID_ALT,T3_MID_ALT,False,259.0,SIGNAL_SHADOW,11.3,35.7,30.05,12.7,34.3,27.95,1.95,10.39,UNCHANGED_ALIVE,2.7
D-OICHGRANK-G_fade-7D,r3,46.5,32.5,PROMISING,,SLOW_STATE,7d,Binance USDM liquid universe,T3_MID_ALT,T4_WIDE_ALT,True,241.0,,11.7,34.8,28.95,15.3,31.2,23.55,1.95,10.39,UNCHANGED_ALIVE,2.3
W7-004 VOLUME_SHOCK down x count_24h,r3,46.5,32.5,WEAK,non-monotonic,EVENT_SHOCK,4h,50-symbol frozen universe,T2_LIQUID_ALT,T3_MID_ALT,False,537.0,,11.3,35.2,29.55,12.7,33.8,27.45,1.95,10.39,UNCHANGED_ALIVE,2.7
B3 betting-against-beta x vol regime (low-vol),r3,46.3,32.3,WEAK,not significant (t<1.0),SLOW_STATE,7d,48-symbol daily panel,T3_MID_ALT,T4_WIDE_ALT,True,116.0,,11.7,34.6,28.75,15.3,31.0,23.35,1.95,10.39,UNCHANGED_ALIVE,2.3
XSEC_RESIDUAL_MOMENTUM_14D [validated],validation,45.5,31.5,REJECTED,validation gate,SLOW_STATE,7d,312 PIT symbols,T3_MID_ALT,T4_WIDE_ALT,True,77.0,,11.7,33.8,27.95,15.3,30.2,22.55,1.95,10.39,UNCHANGED_ALIVE,2.3
D-SMARTRETAIL-DIVERGENCE-N4_mom-7D,r3,45.4,31.4,WEAK,not significant (t=1.09),SLOW_STATE,7d,vision metrics LSR ranks,T3_MID_ALT,T4_WIDE_ALT,True,196.0,,11.7,33.7,27.85,15.3,30.1,22.45,1.95,10.39,UNCHANGED_ALIVE,2.3
D-BASISMOTION-RANK-J2_fade-7D,r3,43.7,29.7,PROMISING,,SLOW_STATE,7d,Binance USDM liquid universe,T3_MID_ALT,T4_WIDE_ALT,True,324.0,,11.7,32.0,26.15,15.3,28.4,20.75,1.95,10.39,UNCHANGED_ALIVE,2.3
D-FUNDVSBTC-Z-F3_fade-7D,r3,42.2,28.2,WEAK,not significant (t=1.33),SLOW_STATE,7d,Binance USDM liquid universe,T3_MID_ALT,T4_WIDE_ALT,True,324.0,,11.7,30.5,24.65,15.3,26.9,19.25,1.95,10.39,UNCHANGED_ALIVE,2.3
A4 SHORT_SQUEEZE repeat>=2 momentum x OI (low-OI),r3,38.7,24.7,PROMISING,,EVENT_SHOCK,fwd_4h,49 symbols,T2_LIQUID_ALT,T3_MID_ALT,False,1180.0,,11.3,27.4,21.75,12.7,26.0,19.65,1.95,10.39,UNCHANGED_ALIVE,2.7
D-LIQPRESSURE-RANK-H_rev-7D,r3,38.1,24.1,WEAK,not significant (t=1.02),EVENT_SHOCK,7d,liq_cascade cross-sectional rank,T2_LIQUID_ALT,T3_MID_ALT,False,286.0,,11.3,26.8,21.15,12.7,25.4,19.05,1.95,10.39,UNCHANGED_ALIVE,2.7
LIQ_REPEAT_DENSITY [validated],validation,36.1,22.1,VALIDATED_FOR_FORWARD,,EVENT_SHOCK,4h,49 symbols,T2_LIQUID_ALT,T3_MID_ALT,False,1165.0,,11.3,24.8,19.15,12.7,23.4,17.05,1.95,10.39,UNCHANGED_ALIVE,2.7
W5-T1.1 ENABLE LIQ_CASCADE_REPEAT when BTC 24h rvol high,r3,35.33,21.33,PROMISING,ETA 28-38.5y (validation),EVENT_SHOCK,fwd_4h,49 symbols,T2_LIQUID_ALT,T3_MID_ALT,False,949.0,,11.3,24.03,18.38,12.7,22.63,16.28,1.95,10.39,UNCHANGED_ALIVE,2.7
W5-T1.11 T1.1 transferred unrefit to SHORT_SQUEEZE_EXHAUSTION,r3,34.85,20.85,context-only,base engine BLOCKED (sign unresolved),EVENT_SHOCK,fwd_4h,49 symbols,T2_LIQUID_ALT,T3_MID_ALT,False,1480.0,,11.3,23.55,17.9,12.7,22.15,15.8,1.95,10.39,UNCHANGED_ALIVE,2.7
D-CVDIMB-RANK-P_mom-7D,r3,34.8,20.8,DEAD,t-stat/stability bar,MICROSTRUCTURE,7d,Binance USDM liquid universe,T3_MID_ALT,T4_WIDE_ALT,True,324.0,,11.7,23.1,17.25,15.3,19.5,11.85,1.95,10.39,UNCHANGED_ALIVE,2.3
D-LIQDIRSKEW-RANK-H3_a-7D,r3,33.8,19.8,DEAD,t-stat/stability bar,EVENT_SHOCK,7d,liq_cascade cross-sectional rank,T2_LIQUID_ALT,T3_MID_ALT,False,207.0,,11.3,22.5,16.85,12.7,21.1,14.75,1.95,10.39,UNCHANGED_ALIVE,2.7
PREMIUM_EXTREME_THEN_CASCADE [validated],validation,33.69,19.69,NEEDS_MORE_RESEARCH,validation gate,EVENT_SHOCK,4h,49 symbols,T2_LIQUID_ALT,T3_MID_ALT,False,533.0,,11.3,22.39,16.74,12.7,20.99,14.64,1.95,10.39,UNCHANGED_ALIVE,2.7
XSEC_MOM_3D_LO,r3,33.0,19.0,WEAK,not significant (t=0.69),SLOW_STATE,3d,312 PIT symbols,T3_MID_ALT,T4_WIDE_ALT,True,784.0,,11.7,21.3,15.45,15.3,17.7,10.05,1.95,10.39,UNCHANGED_ALIVE,2.3
OI_COLLAPSE_BOUNCE [validated],validation,32.31,18.31,NEEDS_MORE_RESEARCH,validation gate,EVENT_SHOCK,4h,49 symbols,T2_LIQUID_ALT,T3_MID_ALT,False,833.0,,11.3,21.01,15.36,12.7,19.61,13.26,1.95,10.39,UNCHANGED_ALIVE,2.7
D-DVOLSHARE-RANK-O_fade-7D,r3,31.3,17.3,DEAD,t-stat/stability bar,SLOW_STATE,7d,Binance USDM liquid universe,T3_MID_ALT,T4_WIDE_ALT,True,324.0,,11.7,19.6,13.75,15.3,16.0,8.35,1.95,10.39,UNCHANGED_ALIVE,2.3
BTC_ETH_CURVE_STEEPNESS [validation],validation,31.1,17.1,REJECTED,"not significant (t=0.28), 1/4 years positive",SLOW_STATE,7d,BTC vs ETH quarterly curves,T1_MAJOR,T2_LIQUID_ALT,True,,,8.6,22.5,18.2,9.4,21.7,17.0,1.95,10.39,UNCHANGED_ALIVE,5.4
W5-T1.5 REDUCE/INCREASE_RISK size by |oi_drop_z|,r3,29.81,15.81,WEAK,no OOS split,EVENT_SHOCK,fwd_4h,49 symbols,T2_LIQUID_ALT,T3_MID_ALT,False,4660.0,,11.3,18.51,12.86,12.7,17.11,10.76,1.95,10.39,UNCHANGED_ALIVE,2.7
D-FUNDPERSIST-RANK-Q_fade-7D,r3,29.6,15.6,DEAD,t-stat/stability bar,SLOW_STATE,7d,Binance USDM liquid universe,T3_MID_ALT,T4_WIDE_ALT,True,324.0,,11.7,17.9,12.05,15.3,14.3,6.65,1.95,10.39,UNCHANGED_ALIVE,2.3
W7-022 CVD_SHOCK down x cumint_7d_tercile,r3,29.6,15.6,PROMISING,same family as W7-006/016,EVENT_SHOCK,4h,50-symbol frozen universe,T2_LIQUID_ALT,T3_MID_ALT,False,10012.0,,11.3,18.3,12.65,12.7,16.9,10.55,1.95,10.39,UNCHANGED_ALIVE,2.7
LIQ_CASCADE_FAR_FROM_LOW [discovery],validation,29.5,15.5,REJECTED,validation gate,EVENT_SHOCK,4h,49 symbols,T2_LIQUID_ALT,T3_MID_ALT,False,1620.0,,11.3,18.2,12.55,12.7,16.8,10.45,1.95,10.39,UNCHANGED_ALIVE,2.7
CVD_SHOCK_DOWN_MEMORY [discovery],validation,29.5,15.5,REJECTED,validation gate,EVENT_SHOCK,4h,49 symbols,T2_LIQUID_ALT,T3_MID_ALT,False,1133.0,,11.3,18.2,12.55,12.7,16.8,10.45,1.95,10.39,UNCHANGED_ALIVE,2.7
W5-T1.8 ENABLE by weekday vs weekend,r3,29.29,15.29,"WEAK, exploratory","no OOS split, multiple-testing risk",EVENT_SHOCK,fwd_4h,49 symbols,T2_LIQUID_ALT,T3_MID_ALT,False,3901.0,,11.3,17.99,12.34,12.7,16.59,10.24,1.95,10.39,UNCHANGED_ALIVE,2.7
W7-006 CVD_SHOCK down x count_24h,r3,29.2,15.2,PROMISING,possible overlap with liq-cascade,EVENT_SHOCK,4h,50-symbol frozen universe,T2_LIQUID_ALT,T3_MID_ALT,False,4843.0,,11.3,17.9,12.25,12.7,16.5,10.15,1.95,10.39,UNCHANGED_ALIVE,2.7
SECTOR_ROTATION [validated],validation,27.29,13.29,REJECTED,validation gate,UNCLEAR,,312 PIT symbols,T3_MID_ALT,T4_WIDE_ALT,False,74.0,,12.7,14.59,8.24,15.8,11.49,3.59,1.95,10.39,UNCHANGED_ALIVE,1.3
W5-T1.6 ENABLE by UTC session (ASIA),r3,26.18,12.18,WEAK,marginal (t=0.99),EVENT_SHOCK,fwd_4h,49 symbols,T2_LIQUID_ALT,T3_MID_ALT,False,653.0,,11.3,14.88,9.23,12.7,13.48,7.13,1.95,10.39,UNCHANGED_ALIVE,2.7
w1_c03 PREMIUM_EXTREME_THEN_CASCADE (capitulation),r3,26.14,12.14,PROMISING (cost-sensitive),fails stress by 1.9bps (cost),EVENT_SHOCK,fwd_4h,premium+liq_cascade,T2_LIQUID_ALT,T3_MID_ALT,False,4190.0,,11.3,14.84,9.19,12.7,13.44,7.09,1.95,10.39,UNCHANGED_ALIVE,2.7
A7 LONG_CASCADE repeat>=2 fade x funding (neutral),r3,26.1,12.1,DEAD,worse than baseline,EVENT_SHOCK,fwd_4h,49 symbols,T2_LIQUID_ALT,T3_MID_ALT,False,651.0,,11.3,14.8,9.15,12.7,13.4,7.05,1.95,10.39,UNCHANGED_ALIVE,2.7
PREMIUM_EXTREME_THEN_CASCADE [discovery],validation,26.1,12.1,NEEDS_MORE_RESEARCH,validation gate,EVENT_SHOCK,4h,49 symbols,T2_LIQUID_ALT,T3_MID_ALT,False,533.0,,11.3,14.8,9.15,12.7,13.4,7.05,1.95,10.39,UNCHANGED_ALIVE,2.7
"LIQ_REPEAT_VOL_GATE [validation, net-only]",validation,25.88,11.88,NEEDS_MORE_RESEARCH,ETA 28.0-38.5 years (declustering 949->268),EVENT_SHOCK,4h,49 symbols,T2_LIQUID_ALT,T3_MID_ALT,False,268.0,,11.3,14.58,8.93,12.7,13.18,6.83,1.95,10.39,UNCHANGED_ALIVE,2.7
W7-031 OI_SHOCK down x accel_vs_decel_12h,r3,25.6,11.6,PROMISING,same family as W7-002/012/021,EVENT_SHOCK,4h,50-symbol frozen universe,T2_LIQUID_ALT,T3_MID_ALT,False,2067.0,,11.3,14.3,8.65,12.7,12.9,6.55,1.95,10.39,UNCHANGED_ALIVE,2.7
W5-T3 baseline M7 funding-basis disagreement,r3,25.55,11.55,baseline,,SLOW_STATE,14d,BTC+ETH quarterly,T3_MID_ALT,T4_WIDE_ALT,True,49.0,,11.7,13.85,8.0,15.3,10.25,2.6,1.95,10.39,UNCHANGED_ALIVE,2.3
W5-T3.1 SELECT_ASSET larger-|disagreement| leg,r3,25.24,11.24,DATA_LIMITED / DEAD,n too small (10),SLOW_STATE,14d,BTC+ETH quarterly,T3_MID_ALT,T4_WIDE_ALT,True,10.0,,11.7,13.54,7.69,15.3,9.94,2.29,1.95,10.39,UNCHANGED_ALIVE,2.3
A5 LONG_CASCADE repeat>=2 fade x OI (high-OI),r3,24.8,10.8,DEAD (as an interaction),no regime lift vs baseline,EVENT_SHOCK,fwd_4h,49 symbols,T2_LIQUID_ALT,T3_MID_ALT,False,2360.0,,11.3,13.5,7.85,12.7,12.1,5.75,1.95,10.39,UNCHANGED_ALIVE,2.7
C3 LSR day-over-day momentum x weekend (weekday),r3,24.8,10.8,DATA_LIMITED,n too small,SLOW_STATE,24h,47 symbols positioning,T3_MID_ALT,T4_WIDE_ALT,True,31.0,,11.7,13.1,7.25,15.3,9.5,1.85,1.95,10.39,UNCHANGED_ALIVE,2.3
w1_c08 CROWD_WASHOUT_ESCALATION_CHAIN (no formal cascade),r3,24.64,10.64,PROMISING (cost-sensitive),fails stress by 3.4bps (cost),EVENT_SHOCK,fwd_4h,crowding_dataset,T2_LIQUID_ALT,T3_MID_ALT,False,1665.0,,11.3,13.34,7.69,12.7,11.94,5.59,1.95,10.39,UNCHANGED_ALIVE,2.7
CROWD_WASHOUT_NO_CASCADE [discovery],validation,24.6,10.6,REJECTED,validation gate,SLOW_STATE,1d,Binance USDM liquid universe,T3_MID_ALT,T4_WIDE_ALT,True,1050.0,,11.7,12.9,7.05,15.3,9.3,1.65,1.95,10.39,UNCHANGED_ALIVE,2.3
D-CURVESHAPE-BTC-MOM-7D,r3,24.2,10.2,DEAD,cost / stability (3/5 years),SLOW_STATE,7d,BTCUSDT quarterly curve,T1_MAJOR,T2_LIQUID_ALT,True,157.0,,8.6,15.6,11.3,9.4,14.8,10.1,1.95,10.39,UNCHANGED_ALIVE,5.4
W5-T1.4 SELECT_HORIZON by funding_z30,r3,24.05,10.05,DEAD,consistent negative delta vs fixed 4h,EVENT_SHOCK,fwd_4h,49 symbols,T2_LIQUID_ALT,T3_MID_ALT,False,1028.0,,11.3,12.75,7.1,12.7,11.35,5.0,1.95,10.39,UNCHANGED_ALIVE,2.7
A5 baseline LONG_CASCADE repeat>=2 fade (unconditional),r3,23.87,9.87,replication of round-2 headline,,EVENT_SHOCK,fwd_4h,49 symbols,T2_LIQUID_ALT,T3_MID_ALT,False,4660.0,,11.3,12.57,6.92,12.7,11.17,4.82,1.95,10.39,UNCHANGED_ALIVE,2.7
W5-T1 baseline LIQ_CASCADE_REPEAT_V1,r3,23.87,9.87,baseline,,EVENT_SHOCK,fwd_4h,49 symbols,T2_LIQUID_ALT,T3_MID_ALT,False,4660.0,,11.3,12.57,6.92,12.7,11.17,4.82,1.95,10.39,UNCHANGED_ALIVE,2.7
A5 LONG_CASCADE repeat>=2 fade x OI (low-OI),r3,23.3,9.3,DEAD (as an interaction),no regime lift vs baseline,EVENT_SHOCK,fwd_4h,49 symbols,T2_LIQUID_ALT,T3_MID_ALT,False,2341.0,,11.3,12.0,6.35,12.7,10.6,4.25,1.95,10.39,UNCHANGED_ALIVE,2.7
SHORT_COVERING_CONTINUATION [discovery],validation,23.2,9.2,NEEDS_MORE_RESEARCH,validation gate,EVENT_SHOCK,4h,49 symbols,T2_LIQUID_ALT,T3_MID_ALT,False,1582.0,,11.3,11.9,6.25,12.7,10.5,4.15,1.95,10.39,UNCHANGED_ALIVE,2.7
W8-17b spillover x DVOL stress (low-DVOL / calm),r3,23.0,9.0,WEAK/PROMISING-WITH-CAVEAT,decay (2025 and 2026 negative),EVENT_SHOCK,fwd_4h,spillover + DVOL BTC,T2_LIQUID_ALT,T3_MID_ALT,False,1219.0,,11.3,11.7,6.05,12.7,10.3,3.95,1.95,10.39,UNCHANGED_ALIVE,2.7
W7-021 OI_SHOCK down x cumint_7d_tercile,r3,22.3,8.3,PROMISING,same family as W7-002/012,EVENT_SHOCK,4h,50-symbol frozen universe,T2_LIQUID_ALT,T3_MID_ALT,False,4588.0,,11.3,11.0,5.35,12.7,9.6,3.25,1.95,10.39,UNCHANGED_ALIVE,2.7
w1_c04 PREMIUM_EXTREME_THEN_CASCADE (FOMO),r3,22.26,8.26,WEAK,cost at stress,EVENT_SHOCK,fwd_4h,premium_dataset,T2_LIQUID_ALT,T3_MID_ALT,False,2232.0,,11.3,10.96,5.31,12.7,9.56,3.21,1.95,10.39,UNCHANGED_ALIVE,2.7
FUNDING_BASIS_DISAGREEMENT [already live V2],validation,21.7,7.7,ALREADY_LIVE,,SLOW_STATE,14d,BTC/ETH perp + quarterly,T3_MID_ALT,T4_WIDE_ALT,True,,,11.7,10.0,4.15,15.3,6.4,-1.25,1.95,10.39,UNCHANGED_ALIVE,2.3
A7 LONG_CASCADE repeat>=2 fade x funding (extreme),r3,21.1,7.1,DEAD,"worse than baseline, hypothesis reversed",EVENT_SHOCK,fwd_4h,49 symbols,T2_LIQUID_ALT,T3_MID_ALT,False,394.0,,11.3,9.8,4.15,12.7,8.4,2.05,1.95,10.39,UNCHANGED_ALIVE,2.7
W7-002 OI_SHOCK down x count_24h,r3,20.9,6.9,PROMISING,low distinctness,EVENT_SHOCK,4h,50-symbol frozen universe,T2_LIQUID_ALT,T3_MID_ALT,False,693.0,,11.3,9.6,3.95,12.7,8.2,1.85,1.95,10.39,UNCHANGED_ALIVE,2.7
W5-T1.2 ENABLE by market-wide cascade breadth,r3,20.64,6.64,WEAK,weak OOS significance (t=0.39),EVENT_SHOCK,fwd_4h,49 symbols,T2_LIQUID_ALT,T3_MID_ALT,False,1002.0,,11.3,9.34,3.69,12.7,7.94,1.59,1.95,10.39,UNCHANGED_ALIVE,2.7
W5-T3.3 ENABLE M7 by BTC 20d rvol regime,r3,20.47,6.47,DATA_LIMITED,n too small (17),SLOW_STATE,14d,BTC+ETH quarterly,T3_MID_ALT,T4_WIDE_ALT,True,17.0,,11.7,8.77,2.92,15.3,5.17,-2.48,1.95,10.39,UNCHANGED_ALIVE,2.3
D-RVBTC-Z-A_mom-7D-HEDGED,r3,19.9,5.9,DEAD,cost (fails stress),SLOW_STATE,7d,Binance USDM liquid universe,T3_MID_ALT,T4_WIDE_ALT,True,324.0,,11.7,8.2,2.35,15.3,4.6,-3.05,1.95,10.39,UNCHANGED_ALIVE,2.3
D-OIPERDVOL-G5_mom-7D,r3,19.4,5.4,DEAD,cost (fails stress),SLOW_STATE,7d,Binance USDM liquid universe,T3_MID_ALT,T4_WIDE_ALT,True,242.0,,11.7,7.7,1.85,15.3,4.1,-3.55,1.95,10.39,UNCHANGED_ALIVE,2.3
D-CROWDCOMPOSITE-K_fade-7D,r3,19.3,5.3,DEAD,cost (fails stress),SLOW_STATE,7d,Binance USDM liquid universe,T3_MID_ALT,T4_WIDE_ALT,True,242.0,,11.7,7.6,1.75,15.3,4.0,-3.65,1.95,10.39,UNCHANGED_ALIVE,2.3
D-RVBTC-NAIVE-RANK-7D,r3,19.1,5.1,DEAD,collapses to plain momentum,SLOW_STATE,7d,Binance USDM liquid universe,T3_MID_ALT,T4_WIDE_ALT,True,324.0,,11.7,7.4,1.55,15.3,3.8,-3.85,1.95,10.39,UNCHANGED_ALIVE,2.3
D-RVOL-VS-SECTOR-I3_mom-7D,r3,19.1,5.1,DEAD,cost,SLOW_STATE,7d,sector-tagged universe,T3_MID_ALT,T4_WIDE_ALT,True,324.0,,11.7,7.4,1.55,15.3,3.8,-3.85,1.95,10.39,UNCHANGED_ALIVE,2.3
W5-T1.10 REDUCE_RISK inverse-size by |ls_ratio_z|,r3,18.8,4.8,DEAD,negative delta vs flat sizing,EVENT_SHOCK,fwd_4h,49 symbols,T2_LIQUID_ALT,T3_MID_ALT,False,4585.0,,11.3,7.5,1.85,12.7,6.1,-0.25,1.95,10.39,UNCHANGED_ALIVE,2.7
W5-T3.2 RISK by |disagreement| z-score,r3,18.54,4.54,DEAD,negative delta,SLOW_STATE,14d,BTC+ETH quarterly,T3_MID_ALT,T4_WIDE_ALT,True,49.0,,11.7,6.84,0.99,15.3,3.24,-4.41,1.95,10.39,UNCHANGED_ALIVE,2.3
CROSS_SECTIONAL_MOMENTUM_CVD CONFIRMED leg [validation],validation,18.5,4.5,REJECTED,"fragile (single date flips sign), ETA ~659 years",SLOW_STATE,7d,312 PIT symbols,T3_MID_ALT,T4_WIDE_ALT,True,333.0,,11.7,6.8,0.95,15.3,3.2,-4.45,1.95,10.39,UNCHANGED_ALIVE,2.3
W7-016 CVD_SHOCK down x time_since_prev,r3,17.6,3.6,PROMISING,cost (thin margin),EVENT_SHOCK,4h,50-symbol frozen universe,T2_LIQUID_ALT,T3_MID_ALT,False,16798.0,,11.3,6.3,0.65,12.7,4.9,-1.45,1.95,10.39,UNCHANGED_ALIVE,2.7
XSEC_MOM_FUNDING_UNCROWDED_7D,r3,17.0,3.0,DEAD,cost / anchor SIGN-FLIP,SLOW_STATE,7d,312 PIT symbols,T3_MID_ALT,T4_WIDE_ALT,True,258.0,,11.7,5.3,-0.55,15.3,1.7,-5.95,1.95,10.39,UNCHANGED_ALIVE,2.3
B7 xsec momentum 7d/7d x breadth (low breadth),r3,16.8,2.8,"WEAK, hypothesis REJECTED IN DIRECTION","hypothesis reversed, t<1",SLOW_STATE,7d,48-symbol daily panel,T3_MID_ALT,T4_WIDE_ALT,True,112.0,,11.7,5.1,-0.75,15.3,1.5,-6.15,1.95,10.39,UNCHANGED_ALIVE,2.3
W7-008 BASIS_SHOCK down x count_24h,r3,16.6,2.6,WEAK,cost (net ~breakeven),SLOW_STATE,4h,50-symbol frozen universe,T2_LIQUID_ALT,T3_MID_ALT,True,9299.0,,9.4,7.2,2.5,11.7,4.9,-0.95,1.95,10.39,UNCHANGED_ALIVE,4.6
SHORT_COVERING_CONTINUATION [validated],validation,16.53,2.53,NEEDS_MORE_RESEARCH,validation gate,EVENT_SHOCK,4h,49 symbols,T2_LIQUID_ALT,T3_MID_ALT,False,1582.0,,11.3,5.23,-0.42,12.7,3.83,-2.52,1.95,10.39,UNCHANGED_ALIVE,2.7
w1_e02 CASCADE_THEN_PREMIUM_DISLOCATION_CHAIN,r3,16.49,2.49,WEAK,cost at stress,EVENT_SHOCK,fwd_4h,49 symbols + premium,T2_LIQUID_ALT,T3_MID_ALT,False,4178.0,,11.3,5.19,-0.46,12.7,3.79,-2.56,1.95,10.39,UNCHANGED_ALIVE,2.7
W7-007 BASIS_SHOCK up x count_24h,r3,16.1,2.1,WEAK,cost (net ~breakeven despite t=6.51),SLOW_STATE,4h,50-symbol frozen universe,T2_LIQUID_ALT,T3_MID_ALT,True,9324.0,,9.4,6.7,2.0,11.7,4.4,-1.45,1.95,10.39,UNCHANGED_ALIVE,4.6
D-RVBTC-Z-A_mom-7D,r3,15.7,1.7,DEAD,cost (fails stress),SLOW_STATE,7d,Binance USDM liquid universe,T3_MID_ALT,T4_WIDE_ALT,True,324.0,,11.7,4.0,-1.85,15.3,0.4,-7.25,1.95,10.39,UNCHANGED_ALIVE,2.3
D-VOLOFVOLRANK-I2_a-7D,r3,15.3,1.3,DEAD,cost,SLOW_STATE,7d,Binance USDM liquid universe,T3_MID_ALT,T4_WIDE_ALT,True,324.0,,11.7,3.6,-2.25,15.3,0.0,-7.65,1.95,10.39,UNCHANGED_ALIVE,2.3
D-PRICEOI-DIVERGENCE-R_fade-7D,r3,15.3,1.3,DEAD,cost,SLOW_STATE,7d,Binance USDM liquid universe,T3_MID_ALT,T4_WIDE_ALT,True,241.0,,11.7,3.6,-2.25,15.3,0.0,-7.65,1.95,10.39,UNCHANGED_ALIVE,2.3
w1_d03 FUNDING_EXTREME_THEN_CASCADE_DIRECT_CHAIN,r3,15.23,1.23,WEAK,"thin margin (cost), large N",EVENT_SHOCK,fwd_4h,49 symbols + funding,T2_LIQUID_ALT,T3_MID_ALT,False,5349.0,,11.3,3.93,-1.72,12.7,2.53,-3.82,1.95,10.39,UNCHANGED_ALIVE,2.7
W5-T1.7 ENABLE by dist_low_24h,r3,15.16,1.16,DEAD,sign flips OOS; not distinct,EVENT_SHOCK,fwd_4h,49 symbols,T2_LIQUID_ALT,T3_MID_ALT,False,1219.0,,11.3,3.86,-1.79,12.7,2.46,-3.89,1.95,10.39,UNCHANGED_ALIVE,2.7
W7-012 OI_SHOCK down x time_since_prev,r3,15.0,1.0,PROMISING,cost (net ~breakeven),EVENT_SHOCK,4h,50-symbol frozen universe,T2_LIQUID_ALT,T3_MID_ALT,False,4590.0,,11.3,3.7,-1.95,12.7,2.3,-4.05,1.95,10.39,UNCHANGED_ALIVE,2.7
D-RVOLRANK-I_b-7D,r3,14.7,0.7,DEAD,cost,SLOW_STATE,7d,Binance USDM liquid universe,T3_MID_ALT,T4_WIDE_ALT,True,324.0,,11.7,3.0,-2.85,15.3,-0.6,-8.25,1.95,10.39,UNCHANGED_ALIVE,2.3
w1_e01b CASCADE_THEN_VOLUME_ABSORPTION (clean absorption),r3,14.69,0.69,WEAK,cost,EVENT_SHOCK,fwd_4h,49 symbols,T2_LIQUID_ALT,T3_MID_ALT,False,6342.0,,11.3,3.39,-2.26,12.7,1.99,-4.36,1.95,10.39,UNCHANGED_ALIVE,2.7
A4 SHORT_SQUEEZE repeat>=2 momentum x OI (high-OI),r3,14.4,0.4,PROMISING (contrast arm),cost (edge nearly vanishes),EVENT_SHOCK,fwd_4h,49 symbols,T2_LIQUID_ALT,T3_MID_ALT,False,1212.0,,11.3,3.1,-2.55,12.7,1.7,-4.65,1.95,10.39,UNCHANGED_ALIVE,2.7
W7-023 BASIS_SHOCK up x cumint_7d_tercile,r3,14.4,0.4,WEAK,cost (net ~0),SLOW_STATE,4h,50-symbol frozen universe,T2_LIQUID_ALT,T3_MID_ALT,True,9963.0,,9.4,5.0,0.3,11.7,2.7,-3.15,1.95,10.39,UNCHANGED_ALIVE,4.6
A8 pooled-direction repeat fade x session (ASIA),r3,14.1,0.1,DEAD,cost / convention confound,EVENT_SHOCK,fwd_4h,49 symbols,T2_LIQUID_ALT,T3_MID_ALT,False,16310.0,,11.3,2.8,-2.85,12.7,1.4,-4.95,1.95,10.39,UNCHANGED_ALIVE,2.7
W7-028 OI_SHOCK both x is_alternating_step,r3,10.7,-3.3,WEAK,cost,EVENT_SHOCK,4h,50-symbol frozen universe,T2_LIQUID_ALT,T3_MID_ALT,False,16377.0,,11.3,-0.6,-6.25,12.7,-2.0,-8.35,1.95,10.39,UNCHANGED_DEAD,2.7
W5-T1.12 ENABLE by |taker_z| extremity,r3,10.47,-3.53,DEAD,consistent negative delta,EVENT_SHOCK,fwd_4h,49 symbols,T2_LIQUID_ALT,T3_MID_ALT,False,1111.0,,11.3,-0.83,-6.48,12.7,-2.23,-8.58,1.95,10.39,UNCHANGED_DEAD,2.7
W7-001 OI_SHOCK up x count_24h,r3,10.2,-3.8,WEAK,cost,EVENT_SHOCK,4h,50-symbol frozen universe,T2_LIQUID_ALT,T3_MID_ALT,False,1538.0,,11.3,-1.1,-6.75,12.7,-2.5,-8.85,1.95,10.39,UNCHANGED_DEAD,2.7
XSEC_MOM_BASIS_FILTER_7D,r3,9.4,-4.6,DEAD,cost / anchor SIGN-FLIP,SLOW_STATE,7d,312 PIT symbols,T3_MID_ALT,T4_WIDE_ALT,True,333.0,,11.7,-2.3,-8.15,15.3,-5.9,-13.55,1.95,10.39,UNCHANGED_DEAD,2.3
D-FUNDRANK-F_mom-7D,r3,9.3,-4.7,DEAD,cost,SLOW_STATE,7d,Binance USDM liquid universe,T3_MID_ALT,T4_WIDE_ALT,True,324.0,,11.7,-2.4,-8.25,15.3,-6.0,-13.65,1.95,10.39,UNCHANGED_DEAD,2.3
D-RVSECTOR-C_rev-1D,r3,9.2,-4.8,DEAD,cost,SLOW_STATE,1d,sector-tagged universe,T3_MID_ALT,T4_WIDE_ALT,True,2275.0,,11.7,-2.5,-8.35,15.3,-6.1,-13.75,1.95,10.39,UNCHANGED_DEAD,2.3
W7-025 OI_SHOCK both x run_length_same_sign,r3,9.2,-4.8,WEAK,cost (direction pooling dilutes),EVENT_SHOCK,4h,50-symbol frozen universe,T2_LIQUID_ALT,T3_MID_ALT,False,17302.0,,11.3,-2.1,-7.75,12.7,-3.5,-9.85,1.95,10.39,UNCHANGED_DEAD,2.7
w1_c06 SPILLOVER_CATCHUP_MOMENTUM,r3,8.87,-5.13,WEAK,cost,EVENT_SHOCK,fwd_4h,spillover_dataset,T2_LIQUID_ALT,T3_MID_ALT,False,5162.0,,11.3,-2.43,-8.08,12.7,-3.83,-10.18,1.95,10.39,UNCHANGED_DEAD,2.7
XSEC_MOM_LOWLEV_FILTER_7D,r3,8.5,-5.5,DEAD,cost,SLOW_STATE,7d,312 PIT symbols,T3_MID_ALT,T4_WIDE_ALT,True,243.0,,11.7,-3.2,-9.05,15.3,-6.8,-14.45,1.95,10.39,UNCHANGED_DEAD,2.3
W8-1a stablecoin supply flow x cascade continuation,r3,8.4,-5.6,DEAD,cost / no year pattern,EVENT_SHOCK,fwd_4h,49 symbols + stablecoin supply,T2_LIQUID_ALT,T3_MID_ALT,False,4816.0,,11.3,-2.9,-8.55,12.7,-4.3,-10.65,1.95,10.39,UNCHANGED_DEAD,2.7
A3 onset fade x session (ASIA),r3,8.2,-5.8,WEAK,cost (best bucket still sub-cost),EVENT_SHOCK,fwd_4h,49 symbols,T2_LIQUID_ALT,T3_MID_ALT,False,18349.0,,11.3,-3.1,-8.75,12.7,-4.5,-10.85,1.95,10.39,UNCHANGED_DEAD,2.7
CROWD_WASHOUT_NO_CASCADE [validated],validation,7.65,-6.35,REJECTED,validation gate,SLOW_STATE,1d,Binance USDM liquid universe,T3_MID_ALT,T4_WIDE_ALT,True,1050.0,,11.7,-4.05,-9.9,15.3,-7.65,-15.3,1.95,10.39,UNCHANGED_DEAD,2.3
LIQ_CASCADE_FAR_FROM_LOW [validated],validation,7.24,-6.76,REJECTED,validation gate,EVENT_SHOCK,4h,49 symbols,T2_LIQUID_ALT,T3_MID_ALT,False,1620.0,,11.3,-4.06,-9.71,12.7,-5.46,-11.81,1.95,10.39,UNCHANGED_DEAD,2.7
XSEC_MOM_3D_LS,r3,7.2,-6.8,DEAD,cost,SLOW_STATE,3d,312 PIT symbols,T3_MID_ALT,T4_WIDE_ALT,True,784.0,,11.7,-4.5,-10.35,15.3,-8.1,-15.75,1.95,10.39,UNCHANGED_DEAD,2.3
XSEC_REV_3D_LS,r3,7.2,-6.8,DEAD,cost,SLOW_STATE,3d,312 PIT symbols,T3_MID_ALT,T4_WIDE_ALT,True,784.0,,11.7,-4.5,-10.35,15.3,-8.1,-15.75,1.95,10.39,UNCHANGED_DEAD,2.3
D-OICHG-VS-SECTOR-G3_fade-7D,r3,7.0,-7.0,DEAD,cost,SLOW_STATE,7d,sector-tagged universe,T3_MID_ALT,T4_WIDE_ALT,True,242.0,,11.7,-4.7,-10.55,15.3,-8.3,-15.95,1.95,10.39,UNCHANGED_DEAD,2.3
W5-T1.3 SELECT_ASSET by vol_24h,r3,6.83,-7.17,DEAD,consistent negative delta,EVENT_SHOCK,fwd_4h,49 symbols,T2_LIQUID_ALT,T3_MID_ALT,False,748.0,,11.3,-4.47,-10.12,12.7,-5.87,-12.22,1.95,10.39,UNCHANGED_DEAD,2.7
B2 idiosyncratic-vol premium x trend (choppy),r3,6.6,-7.4,DEAD,noise-level base signal,SLOW_STATE,7d,48-symbol daily panel,T3_MID_ALT,T4_WIDE_ALT,True,112.0,,11.7,-5.1,-10.95,15.3,-8.7,-16.35,1.95,10.39,UNCHANGED_DEAD,2.3
XSEC_REV_2D_LS,r3,6.5,-7.5,DEAD,cost,SLOW_STATE,2d,312 PIT symbols,T3_MID_ALT,T4_WIDE_ALT,True,1177.0,,11.7,-5.2,-11.05,15.3,-8.8,-16.45,1.95,10.39,UNCHANGED_DEAD,2.3
D-RVETH-Z-B_mom-7D,r3,5.8,-8.2,DEAD,cost,SLOW_STATE,7d,Binance USDM liquid universe,T3_MID_ALT,T4_WIDE_ALT,True,324.0,,11.7,-5.9,-11.75,15.3,-9.5,-17.15,1.95,10.39,UNCHANGED_DEAD,2.3
W7-026 CVD_SHOCK both x run_length_same_sign,r3,5.7,-8.3,WEAK,cost (direction pooling dilutes),EVENT_SHOCK,4h,50-symbol frozen universe,T2_LIQUID_ALT,T3_MID_ALT,False,30655.0,,11.3,-5.6,-11.25,12.7,-7.0,-13.35,1.95,10.39,UNCHANGED_DEAD,2.7
W7-029 CVD_SHOCK both x is_alternating_step,r3,5.4,-8.6,WEAK,cost,EVENT_SHOCK,4h,50-symbol frozen universe,T2_LIQUID_ALT,T3_MID_ALT,False,30164.0,,11.3,-5.9,-11.55,12.7,-7.3,-13.65,1.95,10.39,UNCHANGED_DEAD,2.7
XSEC_MOM_7D_LS_REPCHK,r3,5.1,-8.9,WEAK,cost / anchor SIGN-FLIP,SLOW_STATE,7d,312 PIT symbols,T3_MID_ALT,T4_WIDE_ALT,True,336.0,,11.7,-6.6,-12.45,15.3,-10.2,-17.85,1.95,10.39,UNCHANGED_DEAD,2.3
D-TOPTRADER_LSR-mom-7D,r3,5.0,-9.0,DEAD,cost,SLOW_STATE,7d,vision metrics top-trader LSR,T3_MID_ALT,T4_WIDE_ALT,True,196.0,,11.7,-6.7,-12.55,15.3,-10.3,-17.95,1.95,10.39,UNCHANGED_DEAD,2.3
w1_b03 baseline cascades no preceding volume shock,r3,3.95,-10.05,comparison arm,comparison arm,EVENT_SHOCK,fwd_4h,49 symbols,T2_LIQUID_ALT,T3_MID_ALT,False,18069.0,,11.3,-7.35,-13.0,12.7,-8.75,-15.1,1.95,10.39,UNCHANGED_DEAD,2.7
D-FUNDRANKCHG-F4_fade-7D,r3,3.8,-10.2,DEAD,cost,SLOW_STATE,7d,Binance USDM liquid universe,T3_MID_ALT,T4_WIDE_ALT,True,323.0,,11.7,-7.9,-13.75,15.3,-11.5,-19.15,1.95,10.39,UNCHANGED_DEAD,2.3
W5-T1.9 ENABLE-gate rescue of DEAD onset sleeve,r3,3.4,-10.6,DEAD (clean),no gate flips onset positive,EVENT_SHOCK,fwd_4h,49 symbols,T2_LIQUID_ALT,T3_MID_ALT,False,13135.0,,11.3,-7.9,-13.55,12.7,-9.3,-15.65,1.95,10.39,UNCHANGED_DEAD,2.7
W7-011 OI_SHOCK up x time_since_prev,r3,3.3,-10.7,DEAD,"flat, hot ~ cold",EVENT_SHOCK,4h,50-symbol frozen universe,T2_LIQUID_ALT,T3_MID_ALT,False,6996.0,,11.3,-8.0,-13.65,12.7,-9.4,-15.75,1.95,10.39,UNCHANGED_DEAD,2.7
W8-8a spillover x stablecoin flow (expansion),r3,3.2,-10.8,DEAD/mixed,cost / not significant,EVENT_SHOCK,fwd_4h,spillover + stablecoin supply,T2_LIQUID_ALT,T3_MID_ALT,False,1353.0,,11.3,-8.1,-13.75,12.7,-9.5,-15.85,1.95,10.39,UNCHANGED_DEAD,2.7
W8-2a cross-venue funding divergence x cascade continuation,r3,3.0,-11.0,DEAD,cost / unstable,EVENT_SHOCK,fwd_4h,49 symbols + funding,T2_LIQUID_ALT,T3_MID_ALT,False,1139.0,,11.3,-8.3,-13.95,12.7,-9.7,-16.05,1.95,10.39,UNCHANGED_DEAD,2.7
D-CURVESHAPE-ETH-MOM-14D,r3,2.4,-11.6,DEAD,cost,SLOW_STATE,14d,ETHUSDT quarterly curve,T1_MAJOR,T2_LIQUID_ALT,True,78.0,,8.6,-6.2,-10.5,9.4,-7.0,-11.7,1.95,10.39,UNCHANGED_DEAD,5.4
W5-T4.2 ENABLE liq-cascade-repeat by VOL_FORECAST_LAYER_V1,r3,2.33,-11.67,DEAD,opposite sign of T1.1,EVENT_SHOCK,fwd_4h,49 symbols,T2_LIQUID_ALT,T3_MID_ALT,False,917.0,,11.3,-8.97,-14.62,12.7,-10.37,-16.72,1.95,10.39,UNCHANGED_DEAD,2.7
A1 onset fade x market-wide cascade density (high),r3,2.3,-11.7,DEAD,robust-null,EVENT_SHOCK,fwd_4h,49 symbols,T2_LIQUID_ALT,T3_MID_ALT,False,18349.0,,11.3,-9.0,-14.65,12.7,-10.4,-16.75,1.95,10.39,UNCHANGED_DEAD,2.7
D-BASIS-VS-SECTOR-J1_mom-7D,r3,1.9,-12.1,DEAD,cost,SLOW_STATE,7d,sector-tagged universe,T3_MID_ALT,T4_WIDE_ALT,True,324.0,,11.7,-9.8,-15.65,15.3,-13.4,-21.05,1.95,10.39,UNCHANGED_DEAD,2.3
MICROSTRUCTURE_ALL_ROUND3 [aggregate],validation,1.63,-12.37,DATA_ACCUMULATION,cost (0 PROMISING of 31 mechanisms),MICROSTRUCTURE,1s,market_physics_v3 + microstructure_reduced,T3_MID_ALT,T4_WIDE_ALT,False,,,12.7,-11.07,-17.42,15.8,-14.17,-22.07,1.95,10.39,UNCHANGED_DEAD,1.3
W8-4b fear/greed x cascade continuation (mid),r3,1.4,-12.6,DEAD,no monotonic pattern,EVENT_SHOCK,fwd_4h,49 symbols + fear_greed,T2_LIQUID_ALT,T3_MID_ALT,False,5112.0,,11.3,-9.9,-15.55,12.7,-11.3,-17.65,1.95,10.39,UNCHANGED_DEAD,2.7
w1_e01a CASCADE_THEN_VOLUME_ABSORPTION (distress persists),r3,1.2,-12.8,DEAD,cost,EVENT_SHOCK,fwd_4h,49 symbols,T2_LIQUID_ALT,T3_MID_ALT,False,4461.0,,11.3,-10.1,-15.75,12.7,-11.5,-17.85,1.95,10.39,UNCHANGED_DEAD,2.7
R3_BBO_IMBALANCE_L1,r3,1.18,-12.82,DATA_LIMITED,cost; single calendar day,MICROSTRUCTURE,1s,BTC/ETH/SOL 3 venues 1 day,T3_MID_ALT,T4_WIDE_ALT,False,107414.0,,12.7,-11.52,-17.87,15.8,-14.62,-22.52,1.95,10.39,UNCHANGED_DEAD,1.3
R1_MICROPRICE_OFFSET_L1,r3,1.17,-12.83,DATA_LIMITED,cost; single calendar day,MICROSTRUCTURE,1s,BTC/ETH/SOL 3 venues 1 day,T3_MID_ALT,T4_WIDE_ALT,False,107414.0,,12.7,-11.53,-17.88,15.8,-14.63,-22.53,1.95,10.39,UNCHANGED_DEAD,1.3
E3 large-trade impact x trade-size extremity (>=p99.9),r3,0.96,-13.04,DATA_LIMITED/WEAK,"cost (sub-3bps), thin bucket",MICROSTRUCTURE,30s,BTCUSDT binance 5 days,T1_MAJOR,T2_LIQUID_ALT,False,74.0,,10.1,-9.14,-14.19,11.3,-10.34,-15.99,1.95,10.39,UNCHANGED_DEAD,3.9
E1 large-trade 30s impact-continuation x session (ASIA),r3,0.81,-13.19,DATA_LIMITED,"cost (sub-3bps maker), 5 days only",MICROSTRUCTURE,30s,BTCUSDT binance 5 days,T1_MAJOR,T2_LIQUID_ALT,False,249.0,,10.1,-9.29,-14.34,11.3,-10.49,-16.14,1.95,10.39,UNCHANGED_DEAD,3.9
R5_AGGRESSIVE_FLOW,r3,0.68,-13.32,DATA_LIMITED,single day; sign flips on HL,MICROSTRUCTURE,1s,BTC/ETH/SOL 3 venues 1 day,T3_MID_ALT,T4_WIDE_ALT,False,69403.0,,12.7,-12.02,-18.37,15.8,-15.12,-23.02,1.95,10.39,UNCHANGED_DEAD,1.3
w1_c01 IGNITION_ESCALATION_CHAIN (escalates),r3,0.59,-13.41,DEAD,cost / no edge,EVENT_SHOCK,fwd_4h,ignition+liq_cascade,T2_LIQUID_ALT,T3_MID_ALT,False,1805.0,,11.3,-10.71,-16.36,12.7,-12.11,-18.46,1.95,10.39,UNCHANGED_DEAD,2.7
XSEC_REV_1D_LS,r3,0.5,-13.5,DEAD,cost (structural loser),SLOW_STATE,1d,312 PIT symbols,T3_MID_ALT,T4_WIDE_ALT,True,2355.0,,11.7,-11.2,-17.05,15.3,-14.8,-22.45,1.95,10.39,UNCHANGED_DEAD,2.3
E2_IMBALANCE_ALIGNED_FILTER,r3,0.46,-13.54,WEAK,cost (delta +0.067bps too small),MICROSTRUCTURE,30s,BTCUSDT 2 venues,T1_MAJOR,T2_LIQUID_ALT,False,757.0,,10.1,-9.64,-14.69,11.3,-10.84,-16.49,1.95,10.39,UNCHANGED_DEAD,3.9
X2_CROSS_VENUE_LEAD_LATENCY_lag200ms,r3,0.22,-13.78,WEAK,multiple-testing false positive,MICROSTRUCTURE,1s,binance->okx / ->hyperliquid,T3_MID_ALT,T4_WIDE_ALT,False,80619.0,,12.7,-12.48,-18.83,15.8,-15.58,-23.48,1.95,10.39,UNCHANGED_DEAD,1.3
D-RVBTC-Z-A_rev-1D,r3,0.1,-13.9,DEAD,no edge,SLOW_STATE,1d,Binance USDM liquid universe,T3_MID_ALT,T4_WIDE_ALT,True,2276.0,,11.7,-11.6,-17.45,15.3,-15.2,-22.85,1.95,10.39,UNCHANGED_DEAD,2.3
B1_DEPTH5_IMBALANCE,r3,0.09,-13.91,WEAK,cost (needs 44x gross),MICROSTRUCTURE,1s,BTCUSDT 3 venues 2 days,T1_MAJOR,T2_LIQUID_ALT,False,51882.0,,10.1,-10.01,-15.06,11.3,-11.21,-16.86,1.95,10.39,UNCHANGED_DEAD,3.9
B2_FLOW_DEPTH5_DELTA,r3,0.04,-13.96,WEAK,cost (needs 104x gross),MICROSTRUCTURE,1s,BTCUSDT 3 venues,T1_MAJOR,T2_LIQUID_ALT,False,51872.0,,10.1,-10.06,-15.11,11.3,-11.26,-16.91,1.95,10.39,UNCHANGED_DEAD,3.9
X1_CROSS_VENUE_OFI_DIVERGENCE,r3,0.04,-13.96,WEAK,cost (needs 96x gross),MICROSTRUCTURE,1s,BTCUSDT binance vs okx,T1_MAJOR,T2_LIQUID_ALT,False,22950.0,,10.1,-10.06,-15.11,11.3,-11.26,-16.91,1.95,10.39,UNCHANGED_DEAD,3.9
T1_TRADE_SIGN_AUTOCORR,r3,-0.04,-14.04,WEAK,wrong-signed vs maker cost,MICROSTRUCTURE,1s,3 venues x 2 periods,T3_MID_ALT,T4_WIDE_ALT,False,34615.0,,12.7,-12.74,-19.09,15.8,-15.84,-23.74,1.95,10.39,UNCHANGED_DEAD,1.3
B8_DEPLETION_RECENCY_VOL,r3,-0.09,-14.09,WEAK,cost (15-40x too small),MICROSTRUCTURE,1s,BTCUSDT 3 venues,T1_MAJOR,T2_LIQUID_ALT,False,47035.0,,10.1,-10.19,-15.24,11.3,-11.39,-17.04,1.95,10.39,UNCHANGED_DEAD,3.9
XSEC_MOM_FUNDING_NET_7D,r3,-0.1,-14.1,DEAD,gross<=0 / anchor SIGN-FLIP,SLOW_STATE,7d,312 PIT symbols,T3_MID_ALT,T4_WIDE_ALT,True,336.0,,11.7,-11.8,-17.65,15.3,-15.4,-23.05,1.95,10.39,UNCHANGED_DEAD,2.3
T4_INTERTRADE_COOLDOWN,r3,-0.45,-14.45,WEAK,cost (15-30x too small),MICROSTRUCTURE,1s,3 venues x 2 periods,T3_MID_ALT,T4_WIDE_ALT,False,35524.0,,12.7,-13.15,-19.5,15.8,-16.25,-24.15,1.95,10.39,UNCHANGED_DEAD,1.3
OI_CVD_MEMORY_OVERLAP residual [validation],validation,-1.12,-15.12,REJECTED,effect ABSENT and INVERTED; 79% overlap,EVENT_SHOCK,4h,49-symbol cascade residual,T2_LIQUID_ALT,T3_MID_ALT,False,3530.0,,11.3,-12.42,-18.07,12.7,-13.82,-20.17,1.95,10.39,UNCHANGED_DEAD,2.7
XSEC_MOM_OI_CONFIRMED_7D,r3,-2.5,-16.5,DEAD,gross<=0 / anchor SIGN-FLIP,SLOW_STATE,7d,312 PIT symbols,T3_MID_ALT,T4_WIDE_ALT,True,242.0,,11.7,-14.2,-20.05,15.3,-17.8,-25.45,1.95,10.39,UNCHANGED_DEAD,2.3
XSEC_SECTOR_NEUTRAL_MOM_7D,r3,-2.9,-16.9,DEAD,gross<=0,SLOW_STATE,7d,150/312 sector-mapped,T3_MID_ALT,T4_WIDE_ALT,True,330.0,,11.7,-14.6,-20.45,15.3,-18.2,-25.85,1.95,10.39,UNCHANGED_DEAD,2.3
POSITIONING_TAKER_FLOW [validation],validation,-4.1,-18.1,REJECTED,sign OPPOSITE; declustering ~20x overestimate,MICROSTRUCTURE,24h,47 symbols positioning,T3_MID_ALT,T4_WIDE_ALT,True,49.0,,11.7,-15.8,-21.65,15.3,-19.4,-27.05,1.95,10.39,UNCHANGED_DEAD,2.3
SECTOR_RELATIVE_STRENGTH_REVERSAL [validated],validation,-7.72,-21.72,REJECTED,validation gate,UNCLEAR,,312 PIT symbols,T3_MID_ALT,T4_WIDE_ALT,False,74.0,,12.7,-20.42,-26.77,15.8,-23.52,-31.42,1.95,10.39,UNCHANGED_DEAD,1.3
XSEC_CROWDING_LSR_1D,r3,-9.0,-23.0,DATA_LIMITED,n too small (10 periods),SLOW_STATE,1d,47 symbols positioning,T3_MID_ALT,T4_WIDE_ALT,True,10.0,,11.7,-20.7,-26.55,15.3,-24.3,-31.95,1.95,10.39,UNCHANGED_DEAD,2.3
XSEC_DISPERSION_COND_MOM_7D,r3,-12.7,-26.7,DEAD,no edge,SLOW_STATE,7d,312 PIT symbols,T3_MID_ALT,T4_WIDE_ALT,True,336.0,,11.7,-24.4,-30.25,15.3,-28.0,-35.65,1.95,10.39,UNCHANGED_DEAD,2.3
XSEC_MOM_VOLADJ_7D,r3,-13.9,-27.9,DEAD,gross<=0 / anchor SIGN-FLIP,SLOW_STATE,7d,312 PIT symbols,T3_MID_ALT,T4_WIDE_ALT,True,336.0,,11.7,-25.6,-31.45,15.3,-29.2,-36.85,1.95,10.39,UNCHANGED_DEAD,2.3
XSEC_MOM_30D_LS,r3,-15.7,-29.7,DEAD,anchor SIGN-FLIP,SLOW_STATE,30d,312 PIT symbols,T3_MID_ALT,T4_WIDE_ALT,True,78.0,,11.7,-27.4,-33.25,15.3,-31.0,-38.65,1.95,10.39,UNCHANGED_DEAD,2.3
XSEC_OI_GROWTH_RANK_7D,r3,-20.8,-34.8,DEAD,gross<=0,SLOW_STATE,7d,312 PIT symbols,T3_MID_ALT,T4_WIDE_ALT,True,242.0,,11.7,-32.5,-38.35,15.3,-36.1,-43.75,1.95,10.39,UNCHANGED_DEAD,2.3
XSEC_ACCEL_7D,r3,-31.4,-45.4,WEAK,wrong sign / anchor SIGN-FLIP,SLOW_STATE,7d,312 PIT symbols,T3_MID_ALT,T4_WIDE_ALT,True,336.0,,11.7,-43.1,-48.95,15.3,-46.7,-54.35,1.95,10.39,UNCHANGED_DEAD,2.3
GLOBAL_ACCOUNT_LSR_FADE [validation],validation,-33.6,-47.6,REJECTED,"sign OPPOSITE, negative gross",SLOW_STATE,24h,47 symbols positioning,T3_MID_ALT,T4_WIDE_ALT,True,63.0,,11.7,-45.3,-51.15,15.3,-48.9,-56.55,1.95,10.39,UNCHANGED_DEAD,2.3
CROSS_SECTIONAL_MOMENTUM_CVD DIVERGENT leg [validation],validation,-47.4,-61.4,REJECTED,filter not a standalone position; ETA ~15 years,SLOW_STATE,7d,312 PIT symbols,T3_MID_ALT,T4_WIDE_ALT,True,330.0,,11.7,-59.1,-64.95,15.3,-62.7,-70.35,1.95,10.39,UNCHANGED_DEAD,2.3
WHALE_LSR [already live as screen],validation,-57.8,-71.8,ALREADY_LIVE,"SHORT-shaped, thin N (screen only)",SLOW_STATE,24h,47 symbols positioning,T3_MID_ALT,T4_WIDE_ALT,True,87.0,,11.7,-69.5,-75.35,15.3,-73.1,-80.75,1.95,10.39,UNCHANGED_DEAD,2.3
XSEC_REL_LIQUIDITY_7D,r3,-67.5,-81.5,DEAD,wrong sign,SLOW_STATE,7d,312 PIT symbols,T3_MID_ALT,T4_WIDE_ALT,True,243.0,,11.7,-79.2,-85.05,15.3,-82.8,-90.45,1.95,10.39,UNCHANGED_DEAD,2.3
XSEC_MOM_CVD_DIVERGENT_7D,r3,-122.9,-136.9,DEAD,wrong sign,SLOW_STATE,7d,312 PIT symbols,T3_MID_ALT,T4_WIDE_ALT,True,287.0,,11.7,-134.6,-140.45,15.3,-138.2,-145.85,1.95,10.39,UNCHANGED_DEAD,2.3
