symbol,period,leader,horizon_ms,n_total,n_nonzero_trail,corr_nonzero,q0_bps,q4_bps,top_minus_bottom_bps,unconditional_mean_bps
BTCUSDT,A_early,binance,250,497362,93016,0.2781858951654577,-0.02820979020513474,0.030413177125925735,0.058622967331060476,8.895355609230926e-05
BTCUSDT,A_early,binance,500,497361,93016,0.2928137398836117,-0.045584728104660535,0.050639832592044756,0.09622456069670529,0.000177907469886795
BTCUSDT,A_early,binance,1000,497359,93014,0.2896292931086297,-0.07303889481925913,0.07880914992524725,0.15184804474450636,0.00035581637059092623
BTCUSDT,A_early,binance,2000,497355,93014,0.24772339819840025,-0.1024430330876049,0.1132722326973426,0.21571526578494749,0.0007116384645202419
BTCUSDT,A_early,binance,5000,497343,93010,0.1894857100701591,-0.1476312085451374,0.1857880879752803,0.3334192965204177,0.0017791390877194657
BTCUSDT,A_early,bybit,250,497362,44155,0.24306768996794545,-0.05403707846027807,0.05422578182764691,0.10826286028792498,8.706980810895078e-05
BTCUSDT,A_early,bybit,500,497361,44155,0.2673913089853415,-0.08801933747603903,0.08949578266153647,0.1775151201375755,0.00017413996634510538
BTCUSDT,A_early,bybit,1000,497359,44155,0.26081414353501026,-0.13834588080110582,0.14252585740171908,0.2808717382028249,0.00034828133320747375
BTCUSDT,A_early,bybit,2000,497355,44155,0.23605454762850583,-0.20501930047351397,0.21706899504093602,0.42208829551445,0.0006966317560966209
BTCUSDT,A_early,bybit,5000,497343,44155,0.20296020414891136,-0.2890698443946376,0.3873391957375858,0.6764090401322234,0.001741748389601368
BTCUSDT,A_early,okx,250,497362,63749,0.2865880294559439,-0.03931415697278046,0.04643257910923017,0.08574673608201064,8.895355609230926e-05
BTCUSDT,A_early,okx,500,497361,63749,0.3026557907746777,-0.06398235245083005,0.0766901866732708,0.14067253912410083,0.000177907469886795
BTCUSDT,A_early,okx,1000,497359,63749,0.304697130649339,-0.09780351449937974,0.11810605916940395,0.2159095736687837,0.00035581637059092623
BTCUSDT,A_early,okx,2000,497355,63747,0.27963432531318505,-0.14759545447209466,0.17214907913079738,0.319744533602892,0.0007116384645202419
BTCUSDT,A_early,okx,5000,497343,63743,0.22087485017921515,-0.2152887819500591,0.28110475168911553,0.4963935336391746,0.0017791390877194655
BTCUSDT,A_early,hyperliquid,250,497362,44077,0.0990375744060186,-0.01509135849035832,0.01656866396284061,0.03166002245319893,8.706980810895078e-05
BTCUSDT,A_early,hyperliquid,500,497361,44077,0.08831328360955058,-0.02218314024484028,0.026321720290445855,0.04850486053528613,0.00017413996634510538
BTCUSDT,A_early,hyperliquid,1000,497359,44077,0.09724743149085063,-0.0298709846342464,0.04339802076187613,0.07326900539612252,0.00034828133320747375
BTCUSDT,A_early,hyperliquid,2000,497355,44077,0.09775306882615094,-0.050300731093280794,0.06596389813877342,0.11626462923205422,0.0006966317560966209
BTCUSDT,A_early,hyperliquid,5000,497343,44077,0.07363076883107224,-0.06619805525920743,0.12946964179232395,0.19566769705153136,0.0017417483896013674
BTCUSDT,B_late,binance,250,15222,5240,0.13575204191449203,-0.020936749083486025,0.028651730619757333,0.04958847970324336,0.0015762971239169402
BTCUSDT,B_late,binance,500,15221,5239,0.1713549624495123,-0.034206631021788565,0.049491331796391994,0.08369796281818057,0.0031528013691956725
BTCUSDT,B_late,binance,1000,15219,5239,0.18403015313644033,-0.04212989568043422,0.0816814639977178,0.12381135967815202,0.006287865450451029
BTCUSDT,B_late,binance,2000,15215,5236,0.17992439850713687,-0.07096381324402287,0.10841269727344753,0.1793765105174704,0.012559620074056112
BTCUSDT,B_late,binance,5000,15203,5230,0.16148541260732277,-0.12156961381401275,0.18387117826014662,0.30544079207415936,0.031185586443225
BTCUSDT,B_late,bybit,250,15222,2930,0.13051060881515988,-0.033216615385320114,0.05279344977188715,0.08601006515720727,0.001594856957474268
BTCUSDT,B_late,bybit,500,15221,2929,0.2201322137417039,-0.05888717223257731,0.08853032849958425,0.14741750073216156,0.0031899234750244147
BTCUSDT,B_late,bybit,1000,15219,2929,0.2515950947588584,-0.09597701585922278,0.14720636273948326,0.24318337859870603,0.006378997603852573
BTCUSDT,B_late,bybit,2000,15215,2927,0.24248851174078595,-0.1332427399083543,0.19580202580736575,0.32904476571572006,0.01275965696827887
BTCUSDT,B_late,bybit,5000,15203,2923,0.2108334170482558,-0.2228302303274967,0.3379715183607218,0.5608017486882185,0.03175241522059737
BTCUSDT,B_late,okx,250,15222,4168,0.13715957115661787,-0.026897984365934904,0.041530348032560144,0.06842833239849505,0.001594856957474268
BTCUSDT,B_late,okx,500,15221,4168,0.16079516606573524,-0.04457983408176685,0.06173415123462979,0.10631398531639663,0.0031899234750244147
BTCUSDT,B_late,okx,1000,15219,4168,0.18086756454831313,-0.0680302294124031,0.08083710280025475,0.14886733221265785,0.006378997603852573
BTCUSDT,B_late,okx,2000,15215,4168,0.17250682398038245,-0.09884491580934154,0.10557745585072147,0.204422371660063,0.01275965696827887
BTCUSDT,B_late,okx,5000,15203,4164,0.15261271315848512,-0.15273443300893294,0.1616933744155836,0.31442780742451654,0.031924316880278025
BTCUSDT,B_late,hyperliquid,250,15222,4070,0.030525852119305554,0.001719440460564089,0.0032296164776809137,0.0015101760171168247,0.0015762971239169402
BTCUSDT,B_late,hyperliquid,500,15221,4070,0.026453181786524723,0.0032992425896787715,0.0050911301016689555,0.001791887511990184,0.0031528013691956725
BTCUSDT,B_late,hyperliquid,1000,15219,4070,0.026314958273437803,-0.0014163625793557513,0.0024291906273717265,0.003845553206727478,0.006287865450451029
BTCUSDT,B_late,hyperliquid,2000,15215,4070,0.025732341165502277,-0.0018566177906029194,0.038529247939680454,0.040385865730283375,0.012559620074056112
BTCUSDT,B_late,hyperliquid,5000,15203,4067,0.0494622885263996,-0.010994555298191157,0.09291025049920987,0.10390480579740102,0.031357488102905645
ETHUSDT,A_early,binance,250,497363,93452,0.23588572881157632,-0.049951624348740904,0.050989002126289394,0.1009406264750303,0.00015958565682003804
ETHUSDT,A_early,binance,500,497362,93452,0.2190687860501645,-0.07414174919435292,0.07761984983694267,0.1517615990312956,0.00031917195536846233
ETHUSDT,A_early,binance,1000,497360,93451,0.18566749403558552,-0.10195712501552016,0.11150991819636276,0.21346704321188292,0.0006383464776659528
ETHUSDT,A_early,binance,2000,497356,93450,0.16543425792701658,-0.13113637521300614,0.14756706948510717,0.2787034446981133,0.001276703223171886
ETHUSDT,A_early,binance,5000,497344,93441,0.14762089330483605,-0.17852928083319644,0.23877058385644218,0.41729986468963864,0.003192470484202521
ETHUSDT,A_early,bybit,250,497363,46717,0.20792222177903197,-0.07420968089340278,0.07708462005723087,0.15129430095063365,0.00015701984590161419
ETHUSDT,A_early,bybit,500,497362,46717,0.20135159185800477,-0.11528324439986189,0.12607649454862394,0.24135973894848584,0.00031404032321393486
ETHUSDT,A_early,bybit,1000,497360,46717,0.18432441448829404,-0.1749977155967468,0.18696832025925567,0.36196603585600245,0.00062808317208593
ETHUSDT,A_early,bybit,2000,497356,46717,0.18263308415679408,-0.24740648975022272,0.2651179514671035,0.5125244412173262,0.0012562823440812438
ETHUSDT,A_early,bybit,5000,497344,46715,0.16583012656692794,-0.36205503266334554,0.416787762956973,0.7788427956203186,0.003141152288670661
ETHUSDT,A_early,okx,250,497363,72751,0.25713440098476364,-0.06699452688767006,0.06730886199928432,0.13430338888695437,0.00016011514351053755
ETHUSDT,A_early,okx,500,497362,72750,0.23477058319291752,-0.09885716095950348,0.10251476163360902,0.20137192259311248,0.0003202309308786416
ETHUSDT,A_early,okx,1000,497360,72750,0.20012784842197368,-0.1367623214422895,0.1496839308779484,0.2864462523202379,0.000640464437203084
ETHUSDT,A_early,okx,2000,497356,72749,0.17581607305295935,-0.18888236544430667,0.2078229088689511,0.39670527431325775,0.0012810450734689173
ETHUSDT,A_early,okx,5000,497344,72742,0.14900790668118452,-0.2561160021989036,0.3118377814004053,0.5679537835993089,0.003203060605838132
ETHUSDT,A_early,hyperliquid,250,497363,25191,0.04065142094194137,-0.014100314710432032,0.01892327699850296,0.03302359170893499,0.00015649035921111467
ETHUSDT,A_early,hyperliquid,500,497362,25191,0.05102432057236896,-0.02348062520175286,0.033161906124056645,0.0566425313258095,0.00031298134770375554
ETHUSDT,A_early,hyperliquid,1000,497360,25191,0.05874536034370785,-0.04456019376697606,0.06383579907861242,0.10839599284558848,0.0006259652125487988
ETHUSDT,A_early,hyperliquid,2000,497356,25191,0.07905211132300059,-0.05489583640459274,0.09196212887691392,0.14685796528150666,0.0012519404937842127
ETHUSDT,A_early,hyperliquid,5000,497344,25191,0.075982782730896,-0.07824637992634434,0.17136164640365076,0.2496080263299951,0.0031305621670350485
ETHUSDT,B_late,binance,250,15221,5116,0.151386107426143,-0.021065400966215803,0.03318304814674467,0.05424844911296048,0.001684479626497882
ETHUSDT,B_late,binance,500,15220,5115,0.1763486299536739,-0.03256452558322859,0.05826046579681668,0.09082499138004527,0.003366493006376317
ETHUSDT,B_late,binance,1000,15218,5114,0.18492243714397952,-0.061719046384719735,0.0948602368012636,0.15657928318598333,0.006733877784709014
ETHUSDT,B_late,binance,2000,15214,5111,0.21501573786418704,-0.10183611080339292,0.16201419760474858,0.2638503084081415,0.013350307958003392
ETHUSDT,B_late,binance,5000,15202,5103,0.2216226656225858,-0.14682063127851983,0.30465715328802134,0.4514777845665412,0.032668808247929074
ETHUSDT,B_late,bybit,250,15221,2688,0.197560212514072,-0.05413615166517787,0.05035886819075774,0.10449501985593561,0.001684479626497882
ETHUSDT,B_late,bybit,500,15220,2688,0.1994868270792592,-0.08978924673945775,0.07249583506697012,0.16228508180642787,0.003366493006376317
ETHUSDT,B_late,bybit,1000,15218,2688,0.20839385024035953,-0.1201830286438823,0.0994253373239059,0.2196083659677882,0.006733877784709014
ETHUSDT,B_late,bybit,2000,15214,2688,0.23692936143309226,-0.16806531852933893,0.1980411636274434,0.3661064821567823,0.013350307958003392
ETHUSDT,B_late,bybit,5000,15202,2686,0.26649790790663763,-0.3015658707953496,0.39341622364662804,0.6949820944419776,0.03266880824792908
ETHUSDT,B_late,okx,250,15221,5513,0.12421340532693022,-0.021136471181913724,0.031060282195653106,0.05219675337756683,0.0016927498149026596
ETHUSDT,B_late,okx,500,15220,5513,0.13839942640866484,-0.028398629860185844,0.0526564813624367,0.08105511122262254,0.0033857220673631254
ETHUSDT,B_late,okx,1000,15218,5513,0.15230935533115958,-0.04879166707252051,0.07272426948868771,0.12151593656120821,0.0067777105334409045
ETHUSDT,B_late,okx,2000,15214,5509,0.1731916113148409,-0.06965762332019283,0.1415249089268286,0.21118253224702144,0.01344603782342339
ETHUSDT,B_late,okx,5000,15202,5501,0.18015490082607133,-0.10135671344415129,0.2778416097453036,0.3791983231894549,0.0331141334280966
ETHUSDT,B_late,hyperliquid,250,15221,1901,0.019745762236286483,-0.011429554057901406,0.006250335361744726,0.01767988941964613,0.0016927498149026596
ETHUSDT,B_late,hyperliquid,500,15220,1900,0.024334903974045505,-0.013328072165528868,0.016588774935207006,0.029916847100735874,0.0033857220673631254
ETHUSDT,B_late,hyperliquid,1000,15218,1900,0.06711686699509965,-0.01924961432763696,0.05201526115027582,0.07126487547791278,0.0067777105334409045
ETHUSDT,B_late,hyperliquid,2000,15214,1898,0.10976629758720914,-0.05992417417574549,0.08721619669857063,0.1471403708743161,0.01344603782342339
ETHUSDT,B_late,hyperliquid,5000,15202,1897,0.1215502215644,-0.07358190332947022,0.14645702551830458,0.22003892884777482,0.03311413342809659
SOLUSDT,A_early,binance,250,497366,69234,0.10241704692185924,-0.03378059452466767,0.031091606687986696,0.06487220121265436,2.931882601820028e-06
SOLUSDT,A_early,binance,500,497365,69234,0.12238993402104886,-0.05823197664021756,0.04594382271465159,0.10417579935486915,5.863776993301982e-06
SOLUSDT,A_early,binance,1000,497363,69234,0.12544872089739856,-0.09092106343763842,0.06779475582945639,0.15871581926709483,1.1727601145536119e-05
SOLUSDT,A_early,binance,2000,497359,69234,0.11172601457313806,-0.12581547932102655,0.10210052713535574,0.22791600645638227,2.3455390929076503e-05
SOLUSDT,A_early,binance,5000,497347,69230,0.0856257390474245,-0.18272020032757366,0.17414998093131534,0.35687018125888903,3.731643635069824e-05
SOLUSDT,A_early,bybit,250,497366,20394,0.1444743813508843,-0.07789358121885838,0.09009688652538601,0.1679904677442444,5.596859473096612e-06
SOLUSDT,A_early,bybit,500,497365,20394,0.1792436487062469,-0.12036385981807513,0.13997784174976247,0.2603417015678376,8.528759222769919e-06
SOLUSDT,A_early,bybit,1000,497363,20394,0.19821838296716612,-0.22849623533367,0.20150745467065054,0.43000369000432054,1.4392594091451376e-05
SOLUSDT,A_early,bybit,2000,497359,20393,0.18919181557756615,-0.35872347514167136,0.3063209832838654,0.6650444584255368,2.6120405308146217e-05
SOLUSDT,A_early,bybit,5000,497347,20390,0.15981578699874185,-0.46907948034538477,0.5789201072477066,1.0479995875930914,8.529067895921809e-05
SOLUSDT,A_early,okx,250,497366,33751,0.12694789274667515,-0.062055889861244204,0.04796680362008129,0.11002269348132548,7.995990551162008e-06
SOLUSDT,A_early,okx,500,497365,33751,0.1620296949124644,-0.10471278563745869,0.09066999027233823,0.1953827759097969,1.3327031026266584e-05
SOLUSDT,A_early,okx,1000,497363,33751,0.18090807741796486,-0.1657520521888959,0.15204349822294388,0.3177955504118398,2.398917628814145e-05
SOLUSDT,A_early,okx,2000,497359,33749,0.15932175123989856,-0.21730056854346952,0.2126848177137405,0.42998538625721006,4.5313724062173226e-05
SOLUSDT,A_early,okx,5000,497347,33749,0.1255060311969366,-0.28516332369459496,0.34820249050483015,0.6333658141994252,0.0001332751335863932
SOLUSDT,A_early,hyperliquid,250,497366,21029,0.09347966857440834,-0.060400097158642606,0.034028033154200416,0.09442813031284303,5.331013679885367e-06
SOLUSDT,A_early,hyperliquid,500,497365,21029,0.11234754934799036,-0.1021071321351792,0.05947152723935668,0.1615786593745359,1.066204879679859e-05
SOLUSDT,A_early,hyperliquid,1000,497363,21029,0.09338110173286873,-0.14378985605032335,0.10965266724040343,0.2534425232907268,2.1324183342225907e-05
SOLUSDT,A_early,hyperliquid,2000,497359,21027,0.09984743435574082,-0.22660364599776053,0.22268847131588104,0.4492921173136416,4.264870968310437e-05
SOLUSDT,A_early,hyperliquid,5000,497347,21027,0.07412170373015253,-0.4046865978670504,0.4169105355245899,0.8215971333916403,8.530089097787332e-05
SOLUSDT,B_late,binance,250,15206,5105,0.1342131613921594,-0.04103171916492505,0.06220413059525852,0.10323584976018357,0.0015763829975332874
SOLUSDT,B_late,binance,500,15205,5104,0.13323306677492022,-0.0506223520146146,0.08201630572534904,0.13263865773996364,0.0031529733456746025
SOLUSDT,B_late,binance,1000,15203,5103,0.12963669762227334,-0.051487501229299036,0.15039193397681802,0.20187943520611706,0.006306776257446863
SOLUSDT,B_late,binance,2000,15199,5101,0.12372663319763251,-0.08286657604718331,0.20977789704734512,0.29264447309452846,0.012616872089211747
SOLUSDT,B_late,binance,5000,15187,5094,0.11339682714322943,-0.10379017124056068,0.3156938863495757,0.41948405759013635,0.03131485678503583
SOLUSDT,B_late,bybit,250,15206,2198,0.11843751297629129,-0.06413114095325274,0.11520907093974166,0.1793402118929944,0.0015134001747086772
SOLUSDT,B_late,bybit,500,15205,2198,0.14032774793043348,-0.10759077030600321,0.1669761254257891,0.2745668957317923,0.0030269994155370135
SOLUSDT,B_late,bybit,1000,15203,2198,0.1593085978440746,-0.1882801362247235,0.25405468983698415,0.44233482606170765,0.005928786647922095
SOLUSDT,B_late,bybit,2000,15199,2198,0.18277298500103106,-0.2751796913435312,0.30100055101156975,0.576180242355101,0.011798105599836519
SOLUSDT,B_late,bybit,5000,15187,2196,0.17683255132169412,-0.3580059180308126,0.41624221094645225,0.7742481289772649,0.029487547443750487
SOLUSDT,B_late,okx,250,15206,2842,0.18138292377044238,-0.0600284228870812,0.11448536816190316,0.17451379104898435,0.0015763829975332874
SOLUSDT,B_late,okx,500,15205,2842,0.19959719491649702,-0.07542604197215035,0.16908817338463053,0.24451421535678086,0.0031529733456746025
SOLUSDT,B_late,okx,1000,15203,2842,0.17577495879696556,-0.10465351556664934,0.2642147381711604,0.36886825373780974,0.006306776257446863
SOLUSDT,B_late,okx,2000,15199,2838,0.17741835010553542,-0.1414795356153312,0.3892189751314415,0.5306985107467727,0.012616872089211747
SOLUSDT,B_late,okx,5000,15187,2836,0.15684673097220767,-0.12140375916361656,0.5266733828834068,0.6480771420470234,0.03131485678503583
SOLUSDT,B_late,hyperliquid,250,15206,1435,0.03433344664230166,-0.03154134550814299,0.01781148369687194,0.049352829205014936,0.0015134001747086772
SOLUSDT,B_late,hyperliquid,500,15205,1435,0.0650894891547435,-0.08207408029063594,0.04270832963867885,0.12478240992931479,0.0030269994155370135
SOLUSDT,B_late,hyperliquid,1000,15203,1435,0.10588240407390272,-0.1326381840583453,0.06404928031326043,0.19668746437160572,0.005928786647922095
SOLUSDT,B_late,hyperliquid,2000,15199,1435,0.08611496107451204,-0.1577448316393048,0.03563152616389739,0.1933763578032022,0.011798105599836519
SOLUSDT,B_late,hyperliquid,5000,15187,1433,0.07087195883336177,-0.2144135831490038,0.16496199811129672,0.3793755812603005,0.029487547443750487
